🔥 Starting Multi-Pig Stress Test Simulation...
📡 Tick 0 | Max Temp: 38.5°C (Boss Hog)
📡 Tick 1 | Max Temp: 38.5°C (Boss Hog)
📡 Tick 2 | Max Temp: 38.5°C (Boss Hog)
📡 Tick 3 | Max Temp: 38.5°C (Boss Hog)
📡 Tick 4 | Max Temp: 38.5°C (Boss Hog)
📡 Tick 5 | Max Temp: 38.5°C (Boss Hog)
📡 Tick 6 | Max Temp: 38.5°C (Boss Hog)
📡 Tick 7 | Max Temp: 38.5°C (Boss Hog)
📡 Tick 8 | Max Temp: 38.5°C (Boss Hog)
📡 Tick 9 | Max Temp: 38.5°C (Boss Hog)
📡 Tick 10 | Max Temp: 38.5°C (Boss Hog)
📡 Tick 11 | Max Temp: 38.5°C (Boss Hog)
📡 Tick 12 | Max Temp: 38.5°C (Boss Hog)
📡 Tick 13 | Max Temp: 38.5°C (Boss Hog)
📡 Tick 14 | Max Temp: 38.5°C (Boss Hog)
📡 Tick 15 | Max Temp: 38.5°C (Boss Hog)
📡 Tick 16 | Max Temp: 38.5°C (Boss Hog)
📡 Tick 17 | Max Temp: 38.5°C (Boss Hog)
📡 Tick 18 | Max Temp: 38.5°C (Boss Hog)
📡 Tick 19 | Max Temp: 38.5°C (Boss Hog)
👀 NEW UNIDENTIFIED PIG DETECTED!
📡 Tick 20 | Max Temp: 38.8°C (Pig_Auto_728)
📡 Tick 21 | Max Temp: 38.8°C (Pig_Auto_728)
📡 Tick 22 | Max Temp: 38.8°C (Pig_Auto_728)
📡 Tick 23 | Max Temp: 38.8°C (Pig_Auto_728)
📡 Tick 24 | Max Temp: 38.8°C (Pig_Auto_728)
📡 Tick 25 | Max Temp: 38.8°C (Pig_Auto_728)
📡 Tick 26 | Max Temp: 38.8°C (Pig_Auto_728)
📡 Tick 27 | Max Temp: 38.8°C (Pig_Auto_728)
📡 Tick 28 | Max Temp: 38.8°C (Pig_Auto_728)
📡 Tick 29 | Max Temp: 38.8°C (Pig_Auto_728)
📡 Tick 30 | Max Temp: 38.8°C (Pig_Auto_728)
📡 Tick 31 | Max Temp: 38.8°C (Pig_Auto_728)
📡 Tick 32 | Max Temp: 38.8°C (Pig_Auto_728)
📡 Tick 33 | Max Temp: 38.8°C (Pig_Auto_728)
📡 Tick 34 | Max Temp: 38.8°C (Pig_Auto_728)
📡 Tick 35 | Max Temp: 38.8°C (Pig_Auto_728)
📡 Tick 36 | Max Temp: 38.8°C (Pig_Auto_728)
📡 Tick 37 | Max Temp: 38.8°C (Pig_Auto_728)
📡 Tick 38 | Max Temp: 38.8°C (Pig_Auto_728)
📡 Tick 39 | Max Temp: 38.8°C (Pig_Auto_728)
🔥 Peppa has developed a fever and cough (Respiratory Distress)!
🔥 Peppa has developed a fever and cough (Respiratory Distress)!
📡 Tick 40 | Max Temp: 40.5°C (Peppa)
📡 Tick 41 | Max Temp: 40.5°C (Peppa)
📡 Tick 42 | Max Temp: 40.5°C (Peppa)
📡 Tick 43 | Max Temp: 40.5°C (Peppa)
📡 Tick 44 | Max Temp: 40.5°C (Peppa)
📡 Tick 45 | Max Temp: 40.5°C (Peppa)
📡 Tick 46 | Max Temp: 40.5°C (Peppa)
📡 Tick 47 | Max Temp: 40.5°C (Peppa)
📡 Tick 48 | Max Temp: 40.5°C (Peppa)
📡 Tick 49 | Max Temp: 40.5°C (Peppa)
📡 Tick 50 | Max Temp: 40.5°C (Peppa)
📡 Tick 51 | Max Temp: 40.5°C (Peppa)
📡 Tick 52 | Max Temp: 40.5°C (Peppa)
📡 Tick 53 | Max Temp: 40.5°C (Peppa)
📡 Tick 54 | Max Temp: 40.5°C (Peppa)
📡 Tick 55 | Max Temp: 40.5°C (Peppa)
📡 Tick 56 | Max Temp: 40.5°C (Peppa)
📡 Tick 57 | Max Temp: 40.5°C (Peppa)
📡 Tick 58 | Max Temp: 40.5°C (Peppa)
📡 Tick 59 | Max Temp: 40.5°C (Peppa)
🚨 Boss Hog has become lethargic (No movement detected)!
🚨 Boss Hog has become lethargic (No movement detected)!
📡 Tick 60 | Max Temp: 40.5°C (Peppa)
📡 Tick 61 | Max Temp: 40.5°C (Peppa)
📡 Tick 62 | Max Temp: 40.5°C (Peppa)
📡 Tick 63 | Max Temp: 40.5°C (Peppa)
📡 Tick 64 | Max Temp: 40.5°C (Peppa)
📡 Tick 65 | Max Temp: 40.5°C (Peppa)
📡 Tick 66 | Max Temp: 40.5°C (Peppa)
📡 Tick 67 | Max Temp: 40.5°C (Peppa)
📡 Tick 68 | Max Temp: 40.5°C (Peppa)
📡 Tick 69 | Max Temp: 40.5°C (Peppa)
📡 Tick 70 | Max Temp: 40.5°C (Peppa)
📡 Tick 71 | Max Temp: 40.5°C (Peppa)
📡 Tick 72 | Max Temp: 40.5°C (Peppa)
📡 Tick 73 | Max Temp: 40.5°C (Peppa)
📡 Tick 74 | Max Temp: 40.5°C (Peppa)
📡 Tick 75 | Max Temp: 40.5°C (Peppa)
📡 Tick 76 | Max Temp: 40.5°C (Peppa)
📡 Tick 77 | Max Temp: 40.5°C (Peppa)
📡 Tick 78 | Max Temp: 40.5°C (Peppa)
📡 Tick 79 | Max Temp: 40.5°C (Peppa)
✅ Boss Hog resumed normal activity.
📡 Tick 80 | Max Temp: 40.5°C (Peppa)
📡 Tick 81 | Max Temp: 40.5°C (Peppa)
📡 Tick 82 | Max Temp: 40.5°C (Peppa)
📡 Tick 83 | Max Temp: 40.5°C (Peppa)
📡 Tick 84 | Max Temp: 40.5°C (Peppa)
📡 Tick 85 | Max Temp: 40.5°C (Peppa)
📡 Tick 86 | Max Temp: 40.5°C (Peppa)
📡 Tick 87 | Max Temp: 40.5°C (Peppa)
📡 Tick 88 | Max Temp: 40.5°C (Peppa)
📡 Tick 89 | Max Temp: 40.5°C (Peppa)
📡 Tick 90 | Max Temp: 40.5°C (Peppa)
📡 Tick 91 | Max Temp: 40.5°C (Peppa)
📡 Tick 92 | Max Temp: 40.5°C (Peppa)
📡 Tick 93 | Max Temp: 40.5°C (Peppa)
📡 Tick 94 | Max Temp: 40.5°C (Peppa)
📡 Tick 95 | Max Temp: 40.5°C (Peppa)
📡 Tick 96 | Max Temp: 40.5°C (Peppa)
📡 Tick 97 | Max Temp: 40.5°C (Peppa)
📡 Tick 98 | Max Temp: 40.5°C (Peppa)
📡 Tick 99 | Max Temp: 40.5°C (Peppa)
📡 Tick 100 | Max Temp: 40.5°C (Peppa)
📡 Tick 101 | Max Temp: 40.5°C (Peppa)
📡 Tick 102 | Max Temp: 40.5°C (Peppa)
📡 Tick 103 | Max Temp: 40.5°C (Peppa)
📡 Tick 104 | Max Temp: 40.5°C (Peppa)
📡 Tick 105 | Max Temp: 40.5°C (Peppa)
📡 Tick 106 | Max Temp: 40.5°C (Peppa)
📡 Tick 107 | Max Temp: 40.5°C (Peppa)
📡 Tick 108 | Max Temp: 40.5°C (Peppa)
📡 Tick 109 | Max Temp: 40.5°C (Peppa)
📡 Tick 110 | Max Temp: 40.5°C (Peppa)
📡 Tick 111 | Max Temp: 40.5°C (Peppa)
📡 Tick 112 | Max Temp: 40.5°C (Peppa)
📡 Tick 113 | Max Temp: 40.5°C (Peppa)
📡 Tick 114 | Max Temp: 40.5°C (Peppa)
📡 Tick 115 | Max Temp: 40.5°C (Peppa)
📡 Tick 116 | Max Temp: 40.5°C (Peppa)
📡 Tick 117 | Max Temp: 40.5°C (Peppa)
📡 Tick 118 | Max Temp: 40.5°C (Peppa)
📡 Tick 119 | Max Temp: 40.5°C (Peppa)
📡 Tick 120 | Max Temp: 40.5°C (Peppa)
📡 Tick 121 | Max Temp: 40.5°C (Peppa)
📡 Tick 122 | Max Temp: 40.5°C (Peppa)
📡 Tick 123 | Max Temp: 40.5°C (Peppa)
📡 Tick 124 | Max Temp: 40.5°C (Peppa)
📡 Tick 125 | Max Temp: 40.5°C (Peppa)
📡 Tick 126 | Max Temp: 40.5°C (Peppa)
📡 Tick 127 | Max Temp: 40.5°C (Peppa)
📡 Tick 128 | Max Temp: 40.5°C (Peppa)
📡 Tick 129 | Max Temp: 40.5°C (Peppa)
📡 Tick 130 | Max Temp: 40.5°C (Peppa)
📡 Tick 131 | Max Temp: 40.5°C (Peppa)
📡 Tick 132 | Max Temp: 40.5°C (Peppa)
📡 Tick 133 | Max Temp: 40.5°C (Peppa)
📡 Tick 134 | Max Temp: 40.5°C (Peppa)
📡 Tick 135 | Max Temp: 40.5°C (Peppa)
📡 Tick 136 | Max Temp: 40.5°C (Peppa)
📡 Tick 137 | Max Temp: 40.5°C (Peppa)
📡 Tick 138 | Max Temp: 40.5°C (Peppa)
📡 Tick 139 | Max Temp: 40.5°C (Peppa)
📡 Tick 140 | Max Temp: 40.5°C (Peppa)
📡 Tick 141 | Max Temp: 40.5°C (Peppa)
📡 Tick 142 | Max Temp: 40.5°C (Peppa)
📡 Tick 143 | Max Temp: 40.5°C (Peppa)
📡 Tick 144 | Max Temp: 40.5°C (Peppa)
📡 Tick 145 | Max Temp: 40.5°C (Peppa)
📡 Tick 146 | Max Temp: 40.5°C (Peppa)
📡 Tick 147 | Max Temp: 40.5°C (Peppa)
📡 Tick 148 | Max Temp: 40.5°C (Peppa)
📡 Tick 149 | Max Temp: 40.5°C (Peppa)
📡 Tick 150 | Max Temp: 40.5°C (Peppa)
📡 Tick 151 | Max Temp: 40.5°C (Peppa)
📡 Tick 152 | Max Temp: 40.5°C (Peppa)
📡 Tick 153 | Max Temp: 40.5°C (Peppa)
📡 Tick 154 | Max Temp: 40.5°C (Peppa)
📡 Tick 155 | Max Temp: 40.5°C (Peppa)
📡 Tick 156 | Max Temp: 40.5°C (Peppa)
📡 Tick 157 | Max Temp: 40.5°C (Peppa)
📡 Tick 158 | Max Temp: 40.5°C (Peppa)
📡 Tick 159 | Max Temp: 40.5°C (Peppa)
📡 Tick 160 | Max Temp: 40.5°C (Peppa)
📡 Tick 161 | Max Temp: 40.5°C (Peppa)
📡 Tick 162 | Max Temp: 40.5°C (Peppa)
📡 Tick 163 | Max Temp: 40.5°C (Peppa)
📡 Tick 164 | Max Temp: 40.5°C (Peppa)
📡 Tick 165 | Max Temp: 40.5°C (Peppa)
📡 Tick 166 | Max Temp: 40.5°C (Peppa)
📡 Tick 167 | Max Temp: 40.5°C (Peppa)
📡 Tick 168 | Max Temp: 40.5°C (Peppa)
📡 Tick 169 | Max Temp: 40.5°C (Peppa)
📡 Tick 170 | Max Temp: 40.5°C (Peppa)
📡 Tick 171 | Max Temp: 40.5°C (Peppa)
📡 Tick 172 | Max Temp: 40.5°C (Peppa)
📡 Tick 173 | Max Temp: 40.5°C (Peppa)
📡 Tick 174 | Max Temp: 40.5°C (Peppa)
📡 Tick 175 | Max Temp: 40.5°C (Peppa)
📡 Tick 176 | Max Temp: 40.5°C (Peppa)
📡 Tick 177 | Max Temp: 40.5°C (Peppa)
📡 Tick 178 | Max Temp: 40.5°C (Peppa)
📡 Tick 179 | Max Temp: 40.5°C (Peppa)
📡 Tick 180 | Max Temp: 40.5°C (Peppa)
📡 Tick 181 | Max Temp: 40.5°C (Peppa)
📡 Tick 182 | Max Temp: 40.5°C (Peppa)
📡 Tick 183 | Max Temp: 40.5°C (Peppa)
📡 Tick 184 | Max Temp: 40.5°C (Peppa)
📡 Tick 185 | Max Temp: 40.5°C (Peppa)
📡 Tick 186 | Max Temp: 40.5°C (Peppa)
📡 Tick 187 | Max Temp: 40.5°C (Peppa)
📡 Tick 188 | Max Temp: 40.5°C (Peppa)
📡 Tick 189 | Max Temp: 40.5°C (Peppa)
📡 Tick 190 | Max Temp: 40.5°C (Peppa)
📡 Tick 191 | Max Temp: 40.5°C (Peppa)
📡 Tick 192 | Max Temp: 40.5°C (Peppa)
📡 Tick 193 | Max Temp: 40.5°C (Peppa)
📡 Tick 194 | Max Temp: 40.5°C (Peppa)
📡 Tick 195 | Max Temp: 40.5°C (Peppa)
📡 Tick 196 | Max Temp: 40.5°C (Peppa)
📡 Tick 197 | Max Temp: 40.5°C (Peppa)
📡 Tick 198 | Max Temp: 40.5°C (Peppa)
📡 Tick 199 | Max Temp: 40.5°C (Peppa)
📡 Tick 200 | Max Temp: 40.5°C (Peppa)
📡 Tick 201 | Max Temp: 40.5°C (Peppa)
📡 Tick 202 | Max Temp: 40.5°C (Peppa)
📡 Tick 203 | Max Temp: 40.5°C (Peppa)
📡 Tick 204 | Max Temp: 40.5°C (Peppa)
📡 Tick 205 | Max Temp: 40.5°C (Peppa)
📡 Tick 206 | Max Temp: 40.5°C (Peppa)
📡 Tick 207 | Max Temp: 40.5°C (Peppa)
📡 Tick 208 | Max Temp: 40.5°C (Peppa)
📡 Tick 209 | Max Temp: 40.5°C (Peppa)
📡 Tick 210 | Max Temp: 40.5°C (Peppa)
📡 Tick 211 | Max Temp: 40.5°C (Peppa)
📡 Tick 212 | Max Temp: 40.5°C (Peppa)
📡 Tick 213 | Max Temp: 40.5°C (Peppa)
📡 Tick 214 | Max Temp: 40.5°C (Peppa)
📡 Tick 215 | Max Temp: 40.5°C (Peppa)
📡 Tick 216 | Max Temp: 40.5°C (Peppa)
📡 Tick 217 | Max Temp: 40.5°C (Peppa)
📡 Tick 218 | Max Temp: 40.5°C (Peppa)
📡 Tick 219 | Max Temp: 40.5°C (Peppa)
📡 Tick 220 | Max Temp: 40.5°C (Peppa)
📡 Tick 221 | Max Temp: 40.5°C (Peppa)
📡 Tick 222 | Max Temp: 40.5°C (Peppa)
📡 Tick 223 | Max Temp: 40.5°C (Peppa)
📡 Tick 224 | Max Temp: 40.5°C (Peppa)
📡 Tick 225 | Max Temp: 40.5°C (Peppa)
📡 Tick 226 | Max Temp: 40.5°C (Peppa)
📡 Tick 227 | Max Temp: 40.5°C (Peppa)
📡 Tick 228 | Max Temp: 40.5°C (Peppa)
📡 Tick 229 | Max Temp: 40.5°C (Peppa)
📡 Tick 230 | Max Temp: 40.5°C (Peppa)
📡 Tick 231 | Max Temp: 40.5°C (Peppa)
📡 Tick 232 | Max Temp: 40.5°C (Peppa)
📡 Tick 233 | Max Temp: 40.5°C (Peppa)
📡 Tick 234 | Max Temp: 40.5°C (Peppa)
📡 Tick 235 | Max Temp: 40.5°C (Peppa)
📡 Tick 236 | Max Temp: 40.5°C (Peppa)
📡 Tick 237 | Max Temp: 40.5°C (Peppa)
📡 Tick 238 | Max Temp: 40.5°C (Peppa)
📡 Tick 239 | Max Temp: 40.5°C (Peppa)
📡 Tick 240 | Max Temp: 40.5°C (Peppa)
📡 Tick 241 | Max Temp: 40.5°C (Peppa)
📡 Tick 242 | Max Temp: 40.5°C (Peppa)
📡 Tick 243 | Max Temp: 40.5°C (Peppa)
📡 Tick 244 | Max Temp: 40.5°C (Peppa)
📡 Tick 245 | Max Temp: 40.5°C (Peppa)
📡 Tick 246 | Max Temp: 40.5°C (Peppa)
📡 Tick 247 | Max Temp: 40.5°C (Peppa)
📡 Tick 248 | Max Temp: 40.5°C (Peppa)
📡 Tick 249 | Max Temp: 40.5°C (Peppa)
📡 Tick 250 | Max Temp: 40.5°C (Peppa)
📡 Tick 251 | Max Temp: 40.5°C (Peppa)
📡 Tick 252 | Max Temp: 40.5°C (Peppa)
📡 Tick 253 | Max Temp: 40.5°C (Peppa)
📡 Tick 254 | Max Temp: 40.5°C (Peppa)
📡 Tick 255 | Max Temp: 40.5°C (Peppa)
📡 Tick 256 | Max Temp: 40.5°C (Peppa)
📡 Tick 257 | Max Temp: 40.5°C (Peppa)
📡 Tick 258 | Max Temp: 40.5°C (Peppa)
📡 Tick 259 | Max Temp: 40.5°C (Peppa)
📡 Tick 260 | Max Temp: 40.5°C (Peppa)
📡 Tick 261 | Max Temp: 40.5°C (Peppa)
📡 Tick 262 | Max Temp: 40.5°C (Peppa)
📡 Tick 263 | Max Temp: 40.5°C (Peppa)
📡 Tick 264 | Max Temp: 40.5°C (Peppa)
📡 Tick 265 | Max Temp: 40.5°C (Peppa)
📡 Tick 266 | Max Temp: 40.5°C (Peppa)
📡 Tick 267 | Max Temp: 40.5°C (Peppa)
📡 Tick 268 | Max Temp: 40.5°C (Peppa)
📡 Tick 269 | Max Temp: 40.5°C (Peppa)
📡 Tick 270 | Max Temp: 40.5°C (Peppa)
📡 Tick 271 | Max Temp: 40.5°C (Peppa)
📡 Tick 272 | Max Temp: 40.5°C (Peppa)
📡 Tick 273 | Max Temp: 40.5°C (Peppa)
📡 Tick 274 | Max Temp: 40.5°C (Peppa)
📡 Tick 275 | Max Temp: 40.5°C (Peppa)
📡 Tick 276 | Max Temp: 40.5°C (Peppa)
📡 Tick 277 | Max Temp: 40.5°C (Peppa)
📡 Tick 278 | Max Temp: 40.5°C (Peppa)
📡 Tick 279 | Max Temp: 40.5°C (Peppa)
📡 Tick 280 | Max Temp: 40.5°C (Peppa)
📡 Tick 281 | Max Temp: 40.5°C (Peppa)
📡 Tick 282 | Max Temp: 40.5°C (Peppa)
📡 Tick 283 | Max Temp: 40.5°C (Peppa)
📡 Tick 284 | Max Temp: 40.5°C (Peppa)
📡 Tick 285 | Max Temp: 40.5°C (Peppa)
📡 Tick 286 | Max Temp: 40.5°C (Peppa)
📡 Tick 287 | Max Temp: 40.5°C (Peppa)
📡 Tick 288 | Max Temp: 40.5°C (Peppa)
📡 Tick 289 | Max Temp: 40.5°C (Peppa)
📡 Tick 290 | Max Temp: 40.5°C (Peppa)
📡 Tick 291 | Max Temp: 40.5°C (Peppa)
📡 Tick 292 | Max Temp: 40.5°C (Peppa)
📡 Tick 293 | Max Temp: 40.5°C (Peppa)
📡 Tick 294 | Max Temp: 40.5°C (Peppa)
📡 Tick 295 | Max Temp: 40.5°C (Peppa)
📡 Tick 296 | Max Temp: 40.5°C (Peppa)
📡 Tick 297 | Max Temp: 40.5°C (Peppa)
📡 Tick 298 | Max Temp: 40.5°C (Peppa)
📡 Tick 299 | Max Temp: 40.5°C (Peppa)
📡 Tick 300 | Max Temp: 40.5°C (Peppa)
📡 Tick 301 | Max Temp: 40.5°C (Peppa)
📡 Tick 302 | Max Temp: 40.5°C (Peppa)
📡 Tick 303 | Max Temp: 40.5°C (Peppa)
📡 Tick 304 | Max Temp: 40.5°C (Peppa)
📡 Tick 305 | Max Temp: 40.5°C (Peppa)
📡 Tick 306 | Max Temp: 40.5°C (Peppa)
📡 Tick 307 | Max Temp: 40.5°C (Peppa)
📡 Tick 308 | Max Temp: 40.5°C (Peppa)
📡 Tick 309 | Max Temp: 40.5°C (Peppa)
📡 Tick 310 | Max Temp: 40.5°C (Peppa)
📡 Tick 311 | Max Temp: 40.5°C (Peppa)
📡 Tick 312 | Max Temp: 40.5°C (Peppa)
📡 Tick 313 | Max Temp: 40.5°C (Peppa)
📡 Tick 314 | Max Temp: 40.5°C (Peppa)
📡 Tick 315 | Max Temp: 40.5°C (Peppa)
📡 Tick 316 | Max Temp: 40.5°C (Peppa)
📡 Tick 317 | Max Temp: 40.5°C (Peppa)
📡 Tick 318 | Max Temp: 40.5°C (Peppa)
📡 Tick 319 | Max Temp: 40.5°C (Peppa)
📡 Tick 320 | Max Temp: 40.5°C (Peppa)
📡 Tick 321 | Max Temp: 40.5°C (Peppa)
📡 Tick 322 | Max Temp: 40.5°C (Peppa)
📡 Tick 323 | Max Temp: 40.5°C (Peppa)
📡 Tick 324 | Max Temp: 40.5°C (Peppa)
📡 Tick 325 | Max Temp: 40.5°C (Peppa)
📡 Tick 326 | Max Temp: 40.5°C (Peppa)
📡 Tick 327 | Max Temp: 40.5°C (Peppa)
📡 Tick 328 | Max Temp: 40.5°C (Peppa)
📡 Tick 329 | Max Temp: 40.5°C (Peppa)
📡 Tick 330 | Max Temp: 40.5°C (Peppa)
📡 Tick 331 | Max Temp: 40.5°C (Peppa)
📡 Tick 332 | Max Temp: 40.5°C (Peppa)
📡 Tick 333 | Max Temp: 40.5°C (Peppa)
📡 Tick 334 | Max Temp: 40.5°C (Peppa)
📡 Tick 335 | Max Temp: 40.5°C (Peppa)
📡 Tick 336 | Max Temp: 40.5°C (Peppa)
📡 Tick 337 | Max Temp: 40.5°C (Peppa)
📡 Tick 338 | Max Temp: 40.5°C (Peppa)
📡 Tick 339 | Max Temp: 40.5°C (Peppa)
📡 Tick 340 | Max Temp: 40.5°C (Peppa)
📡 Tick 341 | Max Temp: 40.5°C (Peppa)
📡 Tick 342 | Max Temp: 40.5°C (Peppa)
📡 Tick 343 | Max Temp: 40.5°C (Peppa)
📡 Tick 344 | Max Temp: 40.5°C (Peppa)
📡 Tick 345 | Max Temp: 40.5°C (Peppa)
📡 Tick 346 | Max Temp: 40.5°C (Peppa)
📡 Tick 347 | Max Temp: 40.5°C (Peppa)
📡 Tick 348 | Max Temp: 40.5°C (Peppa)
📡 Tick 349 | Max Temp: 40.5°C (Peppa)
📡 Tick 350 | Max Temp: 40.5°C (Peppa)
📡 Tick 351 | Max Temp: 40.5°C (Peppa)
📡 Tick 352 | Max Temp: 40.5°C (Peppa)
📡 Tick 353 | Max Temp: 40.5°C (Peppa)
📡 Tick 354 | Max Temp: 40.5°C (Peppa)
📡 Tick 355 | Max Temp: 40.5°C (Peppa)
📡 Tick 356 | Max Temp: 40.5°C (Peppa)
📡 Tick 357 | Max Temp: 40.5°C (Peppa)
📡 Tick 358 | Max Temp: 40.5°C (Peppa)
📡 Tick 359 | Max Temp: 40.5°C (Peppa)
📡 Tick 360 | Max Temp: 40.5°C (Peppa)
📡 Tick 361 | Max Temp: 40.5°C (Peppa)
📡 Tick 362 | Max Temp: 40.5°C (Peppa)
📡 Tick 363 | Max Temp: 40.5°C (Peppa)
📡 Tick 364 | Max Temp: 40.5°C (Peppa)
📡 Tick 365 | Max Temp: 40.5°C (Peppa)
📡 Tick 366 | Max Temp: 40.5°C (Peppa)
📡 Tick 367 | Max Temp: 40.5°C (Peppa)
📡 Tick 368 | Max Temp: 40.5°C (Peppa)
📡 Tick 369 | Max Temp: 40.5°C (Peppa)
📡 Tick 370 | Max Temp: 40.5°C (Peppa)
📡 Tick 371 | Max Temp: 40.5°C (Peppa)
📡 Tick 372 | Max Temp: 40.5°C (Peppa)
📡 Tick 373 | Max Temp: 40.5°C (Peppa)
📡 Tick 374 | Max Temp: 40.5°C (Peppa)
📡 Tick 375 | Max Temp: 40.5°C (Peppa)
📡 Tick 376 | Max Temp: 40.5°C (Peppa)
📡 Tick 377 | Max Temp: 40.5°C (Peppa)
📡 Tick 378 | Max Temp: 40.5°C (Peppa)
📡 Tick 379 | Max Temp: 40.5°C (Peppa)
📡 Tick 380 | Max Temp: 40.5°C (Peppa)
📡 Tick 381 | Max Temp: 40.5°C (Peppa)
📡 Tick 382 | Max Temp: 40.5°C (Peppa)
📡 Tick 383 | Max Temp: 40.5°C (Peppa)
📡 Tick 384 | Max Temp: 40.5°C (Peppa)
📡 Tick 385 | Max Temp: 40.5°C (Peppa)
📡 Tick 386 | Max Temp: 40.5°C (Peppa)
📡 Tick 387 | Max Temp: 40.5°C (Peppa)
📡 Tick 388 | Max Temp: 40.5°C (Peppa)
📡 Tick 389 | Max Temp: 40.5°C (Peppa)
📡 Tick 390 | Max Temp: 40.5°C (Peppa)
📡 Tick 391 | Max Temp: 40.5°C (Peppa)
📡 Tick 392 | Max Temp: 40.5°C (Peppa)
📡 Tick 393 | Max Temp: 40.5°C (Peppa)
📡 Tick 394 | Max Temp: 40.5°C (Peppa)
📡 Tick 395 | Max Temp: 40.5°C (Peppa)
📡 Tick 396 | Max Temp: 40.5°C (Peppa)
📡 Tick 397 | Max Temp: 40.5°C (Peppa)
📡 Tick 398 | Max Temp: 40.5°C (Peppa)
📡 Tick 399 | Max Temp: 40.5°C (Peppa)
📡 Tick 400 | Max Temp: 40.5°C (Peppa)
📡 Tick 401 | Max Temp: 40.5°C (Peppa)
📡 Tick 402 | Max Temp: 40.5°C (Peppa)
📡 Tick 403 | Max Temp: 40.5°C (Peppa)
📡 Tick 404 | Max Temp: 40.5°C (Peppa)
📡 Tick 405 | Max Temp: 40.5°C (Peppa)
📡 Tick 406 | Max Temp: 40.5°C (Peppa)
📡 Tick 407 | Max Temp: 40.5°C (Peppa)
📡 Tick 408 | Max Temp: 40.5°C (Peppa)
📡 Tick 409 | Max Temp: 40.5°C (Peppa)
📡 Tick 410 | Max Temp: 40.5°C (Peppa)
📡 Tick 411 | Max Temp: 40.5°C (Peppa)
📡 Tick 412 | Max Temp: 40.5°C (Peppa)
📡 Tick 413 | Max Temp: 40.5°C (Peppa)
📡 Tick 414 | Max Temp: 40.5°C (Peppa)
📡 Tick 415 | Max Temp: 40.5°C (Peppa)
📡 Tick 416 | Max Temp: 40.5°C (Peppa)
📡 Tick 417 | Max Temp: 40.5°C (Peppa)
📡 Tick 418 | Max Temp: 40.5°C (Peppa)
📡 Tick 419 | Max Temp: 40.5°C (Peppa)
📡 Tick 420 | Max Temp: 40.5°C (Peppa)
📡 Tick 421 | Max Temp: 40.5°C (Peppa)
📡 Tick 422 | Max Temp: 40.5°C (Peppa)
📡 Tick 423 | Max Temp: 40.5°C (Peppa)
📡 Tick 424 | Max Temp: 40.5°C (Peppa)
📡 Tick 425 | Max Temp: 40.5°C (Peppa)
📡 Tick 426 | Max Temp: 40.5°C (Peppa)
📡 Tick 427 | Max Temp: 40.5°C (Peppa)
📡 Tick 428 | Max Temp: 40.5°C (Peppa)
📡 Tick 429 | Max Temp: 40.5°C (Peppa)
📡 Tick 430 | Max Temp: 40.5°C (Peppa)
📡 Tick 431 | Max Temp: 40.5°C (Peppa)
📡 Tick 432 | Max Temp: 40.5°C (Peppa)
📡 Tick 433 | Max Temp: 40.5°C (Peppa)
📡 Tick 434 | Max Temp: 40.5°C (Peppa)
📡 Tick 435 | Max Temp: 40.5°C (Peppa)
📡 Tick 436 | Max Temp: 40.5°C (Peppa)
📡 Tick 437 | Max Temp: 40.5°C (Peppa)
📡 Tick 438 | Max Temp: 40.5°C (Peppa)
📡 Tick 439 | Max Temp: 40.5°C (Peppa)
📡 Tick 440 | Max Temp: 40.5°C (Peppa)
📡 Tick 441 | Max Temp: 40.5°C (Peppa)
📡 Tick 442 | Max Temp: 40.5°C (Peppa)
📡 Tick 443 | Max Temp: 40.5°C (Peppa)
📡 Tick 444 | Max Temp: 40.5°C (Peppa)
📡 Tick 445 | Max Temp: 40.5°C (Peppa)
📡 Tick 446 | Max Temp: 40.5°C (Peppa)
📡 Tick 447 | Max Temp: 40.5°C (Peppa)
📡 Tick 448 | Max Temp: 40.5°C (Peppa)
📡 Tick 449 | Max Temp: 40.5°C (Peppa)
📡 Tick 450 | Max Temp: 40.5°C (Peppa)
📡 Tick 451 | Max Temp: 40.5°C (Peppa)
📡 Tick 452 | Max Temp: 40.5°C (Peppa)
📡 Tick 453 | Max Temp: 40.5°C (Peppa)
📡 Tick 454 | Max Temp: 40.5°C (Peppa)
📡 Tick 455 | Max Temp: 40.5°C (Peppa)
📡 Tick 456 | Max Temp: 40.5°C (Peppa)
📡 Tick 457 | Max Temp: 40.5°C (Peppa)
📡 Tick 458 | Max Temp: 40.5°C (Peppa)
📡 Tick 459 | Max Temp: 40.5°C (Peppa)
📡 Tick 460 | Max Temp: 40.5°C (Peppa)
📡 Tick 461 | Max Temp: 40.5°C (Peppa)
📡 Tick 462 | Max Temp: 40.5°C (Peppa)
📡 Tick 463 | Max Temp: 40.5°C (Peppa)
📡 Tick 464 | Max Temp: 40.5°C (Peppa)
📡 Tick 465 | Max Temp: 40.5°C (Peppa)
📡 Tick 466 | Max Temp: 40.5°C (Peppa)
📡 Tick 467 | Max Temp: 40.5°C (Peppa)
📡 Tick 468 | Max Temp: 40.5°C (Peppa)
📡 Tick 469 | Max Temp: 40.5°C (Peppa)
📡 Tick 470 | Max Temp: 40.5°C (Peppa)
📡 Tick 471 | Max Temp: 40.5°C (Peppa)
📡 Tick 472 | Max Temp: 40.5°C (Peppa)
📡 Tick 473 | Max Temp: 40.5°C (Peppa)
📡 Tick 474 | Max Temp: 40.5°C (Peppa)
📡 Tick 475 | Max Temp: 40.5°C (Peppa)
📡 Tick 476 | Max Temp: 40.5°C (Peppa)
📡 Tick 477 | Max Temp: 40.5°C (Peppa)
📡 Tick 478 | Max Temp: 40.5°C (Peppa)
📡 Tick 479 | Max Temp: 40.5°C (Peppa)
📡 Tick 480 | Max Temp: 40.5°C (Peppa)
📡 Tick 481 | Max Temp: 40.5°C (Peppa)
📡 Tick 482 | Max Temp: 40.5°C (Peppa)
📡 Tick 483 | Max Temp: 40.5°C (Peppa)
📡 Tick 484 | Max Temp: 40.5°C (Peppa)
📡 Tick 485 | Max Temp: 40.5°C (Peppa)
📡 Tick 486 | Max Temp: 40.5°C (Peppa)
📡 Tick 487 | Max Temp: 40.5°C (Peppa)
📡 Tick 488 | Max Temp: 40.5°C (Peppa)
📡 Tick 489 | Max Temp: 40.5°C (Peppa)
📡 Tick 490 | Max Temp: 40.5°C (Peppa)
📡 Tick 491 | Max Temp: 40.5°C (Peppa)
📡 Tick 492 | Max Temp: 40.5°C (Peppa)
📡 Tick 493 | Max Temp: 40.5°C (Peppa)
📡 Tick 494 | Max Temp: 40.5°C (Peppa)
📡 Tick 495 | Max Temp: 40.5°C (Peppa)
📡 Tick 496 | Max Temp: 40.5°C (Peppa)
📡 Tick 497 | Max Temp: 40.5°C (Peppa)
📡 Tick 498 | Max Temp: 40.5°C (Peppa)
📡 Tick 499 | Max Temp: 40.5°C (Peppa)
📡 Tick 500 | Max Temp: 40.5°C (Peppa)
📡 Tick 501 | Max Temp: 40.5°C (Peppa)
📡 Tick 502 | Max Temp: 40.5°C (Peppa)
📡 Tick 503 | Max Temp: 40.5°C (Peppa)
📡 Tick 504 | Max Temp: 40.5°C (Peppa)
📡 Tick 505 | Max Temp: 40.5°C (Peppa)
📡 Tick 506 | Max Temp: 40.5°C (Peppa)
📡 Tick 507 | Max Temp: 40.5°C (Peppa)
📡 Tick 508 | Max Temp: 40.5°C (Peppa)
📡 Tick 509 | Max Temp: 40.5°C (Peppa)
📡 Tick 510 | Max Temp: 40.5°C (Peppa)
📡 Tick 511 | Max Temp: 40.5°C (Peppa)
📡 Tick 512 | Max Temp: 40.5°C (Peppa)
📡 Tick 513 | Max Temp: 40.5°C (Peppa)
📡 Tick 514 | Max Temp: 40.5°C (Peppa)
📡 Tick 515 | Max Temp: 40.5°C (Peppa)
📡 Tick 516 | Max Temp: 40.5°C (Peppa)
📡 Tick 517 | Max Temp: 40.5°C (Peppa)
📡 Tick 518 | Max Temp: 40.5°C (Peppa)
📡 Tick 519 | Max Temp: 40.5°C (Peppa)
📡 Tick 520 | Max Temp: 40.5°C (Peppa)
📡 Tick 521 | Max Temp: 40.5°C (Peppa)
📡 Tick 522 | Max Temp: 40.5°C (Peppa)
📡 Tick 523 | Max Temp: 40.5°C (Peppa)
📡 Tick 524 | Max Temp: 40.5°C (Peppa)
📡 Tick 525 | Max Temp: 40.5°C (Peppa)
📡 Tick 526 | Max Temp: 40.5°C (Peppa)
📡 Tick 527 | Max Temp: 40.5°C (Peppa)
📡 Tick 528 | Max Temp: 40.5°C (Peppa)
📡 Tick 529 | Max Temp: 40.5°C (Peppa)
📡 Tick 530 | Max Temp: 40.5°C (Peppa)
📡 Tick 531 | Max Temp: 40.5°C (Peppa)
📡 Tick 532 | Max Temp: 40.5°C (Peppa)
📡 Tick 533 | Max Temp: 40.5°C (Peppa)
📡 Tick 534 | Max Temp: 40.5°C (Peppa)
📡 Tick 535 | Max Temp: 40.5°C (Peppa)
📡 Tick 536 | Max Temp: 40.5°C (Peppa)
📡 Tick 537 | Max Temp: 40.5°C (Peppa)
📡 Tick 538 | Max Temp: 40.5°C (Peppa)
📡 Tick 539 | Max Temp: 40.5°C (Peppa)
📡 Tick 540 | Max Temp: 40.5°C (Peppa)
📡 Tick 541 | Max Temp: 40.5°C (Peppa)
📡 Tick 542 | Max Temp: 40.5°C (Peppa)
📡 Tick 543 | Max Temp: 40.5°C (Peppa)
📡 Tick 544 | Max Temp: 40.5°C (Peppa)
📡 Tick 545 | Max Temp: 40.5°C (Peppa)
📡 Tick 546 | Max Temp: 40.5°C (Peppa)
📡 Tick 547 | Max Temp: 40.5°C (Peppa)
📡 Tick 548 | Max Temp: 40.5°C (Peppa)
📡 Tick 549 | Max Temp: 40.5°C (Peppa)
📡 Tick 550 | Max Temp: 40.5°C (Peppa)
📡 Tick 551 | Max Temp: 40.5°C (Peppa)
📡 Tick 552 | Max Temp: 40.5°C (Peppa)
📡 Tick 553 | Max Temp: 40.5°C (Peppa)
📡 Tick 554 | Max Temp: 40.5°C (Peppa)
📡 Tick 555 | Max Temp: 40.5°C (Peppa)
📡 Tick 556 | Max Temp: 40.5°C (Peppa)
📡 Tick 557 | Max Temp: 40.5°C (Peppa)
📡 Tick 558 | Max Temp: 40.5°C (Peppa)
📡 Tick 559 | Max Temp: 40.5°C (Peppa)
📡 Tick 560 | Max Temp: 40.5°C (Peppa)
📡 Tick 561 | Max Temp: 40.5°C (Peppa)
📡 Tick 562 | Max Temp: 40.5°C (Peppa)
📡 Tick 563 | Max Temp: 40.5°C (Peppa)
📡 Tick 564 | Max Temp: 40.5°C (Peppa)
📡 Tick 565 | Max Temp: 40.5°C (Peppa)
📡 Tick 566 | Max Temp: 40.5°C (Peppa)
📡 Tick 567 | Max Temp: 40.5°C (Peppa)
📡 Tick 568 | Max Temp: 40.5°C (Peppa)
📡 Tick 569 | Max Temp: 40.5°C (Peppa)
📡 Tick 570 | Max Temp: 40.5°C (Peppa)
📡 Tick 571 | Max Temp: 40.5°C (Peppa)
📡 Tick 572 | Max Temp: 40.5°C (Peppa)
📡 Tick 573 | Max Temp: 40.5°C (Peppa)
📡 Tick 574 | Max Temp: 40.5°C (Peppa)
📡 Tick 575 | Max Temp: 40.5°C (Peppa)
📡 Tick 576 | Max Temp: 40.5°C (Peppa)
📡 Tick 577 | Max Temp: 40.5°C (Peppa)
📡 Tick 578 | Max Temp: 40.5°C (Peppa)
📡 Tick 579 | Max Temp: 40.5°C (Peppa)
📡 Tick 580 | Max Temp: 40.5°C (Peppa)
📡 Tick 581 | Max Temp: 40.5°C (Peppa)
📡 Tick 582 | Max Temp: 40.5°C (Peppa)
📡 Tick 583 | Max Temp: 40.5°C (Peppa)
📡 Tick 584 | Max Temp: 40.5°C (Peppa)
📡 Tick 585 | Max Temp: 40.5°C (Peppa)
📡 Tick 586 | Max Temp: 40.5°C (Peppa)
📡 Tick 587 | Max Temp: 40.5°C (Peppa)
📡 Tick 588 | Max Temp: 40.5°C (Peppa)
📡 Tick 589 | Max Temp: 40.5°C (Peppa)
📡 Tick 590 | Max Temp: 40.5°C (Peppa)
📡 Tick 591 | Max Temp: 40.5°C (Peppa)
📡 Tick 592 | Max Temp: 40.5°C (Peppa)
📡 Tick 593 | Max Temp: 40.5°C (Peppa)
📡 Tick 594 | Max Temp: 40.5°C (Peppa)
📡 Tick 595 | Max Temp: 40.5°C (Peppa)
📡 Tick 596 | Max Temp: 40.5°C (Peppa)
📡 Tick 597 | Max Temp: 40.5°C (Peppa)
📡 Tick 598 | Max Temp: 40.5°C (Peppa)
📡 Tick 599 | Max Temp: 40.5°C (Peppa)
📡 Tick 600 | Max Temp: 40.5°C (Peppa)
📡 Tick 601 | Max Temp: 40.5°C (Peppa)
📡 Tick 602 | Max Temp: 40.5°C (Peppa)
📡 Tick 603 | Max Temp: 40.5°C (Peppa)
📡 Tick 604 | Max Temp: 40.5°C (Peppa)
📡 Tick 605 | Max Temp: 40.5°C (Peppa)
📡 Tick 606 | Max Temp: 40.5°C (Peppa)
📡 Tick 607 | Max Temp: 40.5°C (Peppa)
📡 Tick 608 | Max Temp: 40.5°C (Peppa)
📡 Tick 609 | Max Temp: 40.5°C (Peppa)
📡 Tick 610 | Max Temp: 40.5°C (Peppa)
📡 Tick 611 | Max Temp: 40.5°C (Peppa)
📡 Tick 612 | Max Temp: 40.5°C (Peppa)
📡 Tick 613 | Max Temp: 40.5°C (Peppa)
📡 Tick 614 | Max Temp: 40.5°C (Peppa)
📡 Tick 615 | Max Temp: 40.5°C (Peppa)
📡 Tick 616 | Max Temp: 40.5°C (Peppa)
📡 Tick 617 | Max Temp: 40.5°C (Peppa)
📡 Tick 618 | Max Temp: 40.5°C (Peppa)
📡 Tick 619 | Max Temp: 40.5°C (Peppa)
📡 Tick 620 | Max Temp: 40.5°C (Peppa)
📡 Tick 621 | Max Temp: 40.5°C (Peppa)
📡 Tick 622 | Max Temp: 40.5°C (Peppa)
📡 Tick 623 | Max Temp: 40.5°C (Peppa)
📡 Tick 624 | Max Temp: 40.5°C (Peppa)
📡 Tick 625 | Max Temp: 40.5°C (Peppa)
📡 Tick 626 | Max Temp: 40.5°C (Peppa)
📡 Tick 627 | Max Temp: 40.5°C (Peppa)
📡 Tick 628 | Max Temp: 40.5°C (Peppa)
📡 Tick 629 | Max Temp: 40.5°C (Peppa)
📡 Tick 630 | Max Temp: 40.5°C (Peppa)
📡 Tick 631 | Max Temp: 40.5°C (Peppa)
📡 Tick 632 | Max Temp: 40.5°C (Peppa)
📡 Tick 633 | Max Temp: 40.5°C (Peppa)
📡 Tick 634 | Max Temp: 40.5°C (Peppa)
📡 Tick 635 | Max Temp: 40.5°C (Peppa)
📡 Tick 636 | Max Temp: 40.5°C (Peppa)
📡 Tick 637 | Max Temp: 40.5°C (Peppa)
📡 Tick 638 | Max Temp: 40.5°C (Peppa)
📡 Tick 639 | Max Temp: 40.5°C (Peppa)
📡 Tick 640 | Max Temp: 40.5°C (Peppa)
📡 Tick 641 | Max Temp: 40.5°C (Peppa)
📡 Tick 642 | Max Temp: 40.5°C (Peppa)
📡 Tick 643 | Max Temp: 40.5°C (Peppa)
📡 Tick 644 | Max Temp: 40.5°C (Peppa)
📡 Tick 645 | Max Temp: 40.5°C (Peppa)
📡 Tick 646 | Max Temp: 40.5°C (Peppa)
📡 Tick 647 | Max Temp: 40.5°C (Peppa)
📡 Tick 648 | Max Temp: 40.5°C (Peppa)
📡 Tick 649 | Max Temp: 40.5°C (Peppa)
📡 Tick 650 | Max Temp: 40.5°C (Peppa)
📡 Tick 651 | Max Temp: 40.5°C (Peppa)
📡 Tick 652 | Max Temp: 40.5°C (Peppa)
📡 Tick 653 | Max Temp: 40.5°C (Peppa)
📡 Tick 654 | Max Temp: 40.5°C (Peppa)
📡 Tick 655 | Max Temp: 40.5°C (Peppa)
📡 Tick 656 | Max Temp: 40.5°C (Peppa)
📡 Tick 657 | Max Temp: 40.5°C (Peppa)
📡 Tick 658 | Max Temp: 40.5°C (Peppa)
📡 Tick 659 | Max Temp: 40.5°C (Peppa)
📡 Tick 660 | Max Temp: 40.5°C (Peppa)
📡 Tick 661 | Max Temp: 40.5°C (Peppa)
📡 Tick 662 | Max Temp: 40.5°C (Peppa)
📡 Tick 663 | Max Temp: 40.5°C (Peppa)
📡 Tick 664 | Max Temp: 40.5°C (Peppa)
📡 Tick 665 | Max Temp: 40.5°C (Peppa)
📡 Tick 666 | Max Temp: 40.5°C (Peppa)
📡 Tick 667 | Max Temp: 40.5°C (Peppa)
📡 Tick 668 | Max Temp: 40.5°C (Peppa)
📡 Tick 669 | Max Temp: 40.5°C (Peppa)
📡 Tick 670 | Max Temp: 40.5°C (Peppa)
📡 Tick 671 | Max Temp: 40.5°C (Peppa)
📡 Tick 672 | Max Temp: 40.5°C (Peppa)
📡 Tick 673 | Max Temp: 40.5°C (Peppa)
📡 Tick 674 | Max Temp: 40.5°C (Peppa)
📡 Tick 675 | Max Temp: 40.5°C (Peppa)
📡 Tick 676 | Max Temp: 40.5°C (Peppa)
📡 Tick 677 | Max Temp: 40.5°C (Peppa)
📡 Tick 678 | Max Temp: 40.5°C (Peppa)
📡 Tick 679 | Max Temp: 40.5°C (Peppa)
📡 Tick 680 | Max Temp: 40.5°C (Peppa)
📡 Tick 681 | Max Temp: 40.5°C (Peppa)
📡 Tick 682 | Max Temp: 40.5°C (Peppa)
📡 Tick 683 | Max Temp: 40.5°C (Peppa)
📡 Tick 684 | Max Temp: 40.5°C (Peppa)
📡 Tick 685 | Max Temp: 40.5°C (Peppa)
📡 Tick 686 | Max Temp: 40.5°C (Peppa)
📡 Tick 687 | Max Temp: 40.5°C (Peppa)
📡 Tick 688 | Max Temp: 40.5°C (Peppa)
📡 Tick 689 | Max Temp: 40.5°C (Peppa)
📡 Tick 690 | Max Temp: 40.5°C (Peppa)
📡 Tick 691 | Max Temp: 40.5°C (Peppa)
📡 Tick 692 | Max Temp: 40.5°C (Peppa)
📡 Tick 693 | Max Temp: 40.5°C (Peppa)
📡 Tick 694 | Max Temp: 40.5°C (Peppa)
📡 Tick 695 | Max Temp: 40.5°C (Peppa)
📡 Tick 696 | Max Temp: 40.5°C (Peppa)
📡 Tick 697 | Max Temp: 40.5°C (Peppa)
📡 Tick 698 | Max Temp: 40.5°C (Peppa)
📡 Tick 699 | Max Temp: 40.5°C (Peppa)
📡 Tick 700 | Max Temp: 40.5°C (Peppa)
📡 Tick 701 | Max Temp: 40.5°C (Peppa)
📡 Tick 702 | Max Temp: 40.5°C (Peppa)
📡 Tick 703 | Max Temp: 40.5°C (Peppa)
📡 Tick 704 | Max Temp: 40.5°C (Peppa)
📡 Tick 705 | Max Temp: 40.5°C (Peppa)
📡 Tick 706 | Max Temp: 40.5°C (Peppa)
📡 Tick 707 | Max Temp: 40.5°C (Peppa)
📡 Tick 708 | Max Temp: 40.5°C (Peppa)
📡 Tick 709 | Max Temp: 40.5°C (Peppa)
📡 Tick 710 | Max Temp: 40.5°C (Peppa)
📡 Tick 711 | Max Temp: 40.5°C (Peppa)
📡 Tick 712 | Max Temp: 40.5°C (Peppa)
📡 Tick 713 | Max Temp: 40.5°C (Peppa)
📡 Tick 714 | Max Temp: 40.5°C (Peppa)
📡 Tick 715 | Max Temp: 40.5°C (Peppa)
📡 Tick 716 | Max Temp: 40.5°C (Peppa)
📡 Tick 717 | Max Temp: 40.5°C (Peppa)
📡 Tick 718 | Max Temp: 40.5°C (Peppa)
📡 Tick 719 | Max Temp: 40.5°C (Peppa)
📡 Tick 720 | Max Temp: 40.5°C (Peppa)
📡 Tick 721 | Max Temp: 40.5°C (Peppa)
📡 Tick 722 | Max Temp: 40.5°C (Peppa)
📡 Tick 723 | Max Temp: 40.5°C (Peppa)
📡 Tick 724 | Max Temp: 40.5°C (Peppa)
📡 Tick 725 | Max Temp: 40.5°C (Peppa)
📡 Tick 726 | Max Temp: 40.5°C (Peppa)
📡 Tick 727 | Max Temp: 40.5°C (Peppa)
📡 Tick 728 | Max Temp: 40.5°C (Peppa)
📡 Tick 729 | Max Temp: 40.5°C (Peppa)
📡 Tick 730 | Max Temp: 40.5°C (Peppa)
📡 Tick 731 | Max Temp: 40.5°C (Peppa)
📡 Tick 732 | Max Temp: 40.5°C (Peppa)
📡 Tick 733 | Max Temp: 40.5°C (Peppa)
📡 Tick 734 | Max Temp: 40.5°C (Peppa)
📡 Tick 735 | Max Temp: 40.5°C (Peppa)
📡 Tick 736 | Max Temp: 40.5°C (Peppa)
📡 Tick 737 | Max Temp: 40.5°C (Peppa)
📡 Tick 738 | Max Temp: 40.5°C (Peppa)
📡 Tick 739 | Max Temp: 40.5°C (Peppa)
📡 Tick 740 | Max Temp: 40.5°C (Peppa)
📡 Tick 741 | Max Temp: 40.5°C (Peppa)
📡 Tick 742 | Max Temp: 40.5°C (Peppa)
📡 Tick 743 | Max Temp: 40.5°C (Peppa)
📡 Tick 744 | Max Temp: 40.5°C (Peppa)
📡 Tick 745 | Max Temp: 40.5°C (Peppa)
📡 Tick 746 | Max Temp: 40.5°C (Peppa)
📡 Tick 747 | Max Temp: 40.5°C (Peppa)
📡 Tick 748 | Max Temp: 40.5°C (Peppa)
📡 Tick 749 | Max Temp: 40.5°C (Peppa)
📡 Tick 750 | Max Temp: 40.5°C (Peppa)
📡 Tick 751 | Max Temp: 40.5°C (Peppa)
📡 Tick 752 | Max Temp: 40.5°C (Peppa)
📡 Tick 753 | Max Temp: 40.5°C (Peppa)
📡 Tick 754 | Max Temp: 40.5°C (Peppa)
📡 Tick 755 | Max Temp: 40.5°C (Peppa)
📡 Tick 756 | Max Temp: 40.5°C (Peppa)
📡 Tick 757 | Max Temp: 40.5°C (Peppa)
📡 Tick 758 | Max Temp: 40.5°C (Peppa)
📡 Tick 759 | Max Temp: 40.5°C (Peppa)
📡 Tick 760 | Max Temp: 40.5°C (Peppa)
📡 Tick 761 | Max Temp: 40.5°C (Peppa)
📡 Tick 762 | Max Temp: 40.5°C (Peppa)
📡 Tick 763 | Max Temp: 40.5°C (Peppa)
📡 Tick 764 | Max Temp: 40.5°C (Peppa)
📡 Tick 765 | Max Temp: 40.5°C (Peppa)
📡 Tick 766 | Max Temp: 40.5°C (Peppa)
📡 Tick 767 | Max Temp: 40.5°C (Peppa)
📡 Tick 768 | Max Temp: 40.5°C (Peppa)
📡 Tick 769 | Max Temp: 40.5°C (Peppa)
📡 Tick 770 | Max Temp: 40.5°C (Peppa)
📡 Tick 771 | Max Temp: 40.5°C (Peppa)
📡 Tick 772 | Max Temp: 40.5°C (Peppa)
📡 Tick 773 | Max Temp: 40.5°C (Peppa)
📡 Tick 774 | Max Temp: 40.5°C (Peppa)
📡 Tick 775 | Max Temp: 40.5°C (Peppa)
📡 Tick 776 | Max Temp: 40.5°C (Peppa)
📡 Tick 777 | Max Temp: 40.5°C (Peppa)
📡 Tick 778 | Max Temp: 40.5°C (Peppa)
📡 Tick 779 | Max Temp: 40.5°C (Peppa)
📡 Tick 780 | Max Temp: 40.5°C (Peppa)
📡 Tick 781 | Max Temp: 40.5°C (Peppa)
📡 Tick 782 | Max Temp: 40.5°C (Peppa)
📡 Tick 783 | Max Temp: 40.5°C (Peppa)
📡 Tick 784 | Max Temp: 40.5°C (Peppa)
📡 Tick 785 | Max Temp: 40.5°C (Peppa)
📡 Tick 786 | Max Temp: 40.5°C (Peppa)
📡 Tick 787 | Max Temp: 40.5°C (Peppa)
📡 Tick 788 | Max Temp: 40.5°C (Peppa)
📡 Tick 789 | Max Temp: 40.5°C (Peppa)
📡 Tick 790 | Max Temp: 40.5°C (Peppa)
📡 Tick 791 | Max Temp: 40.5°C (Peppa)
📡 Tick 792 | Max Temp: 40.5°C (Peppa)
📡 Tick 793 | Max Temp: 40.5°C (Peppa)
📡 Tick 794 | Max Temp: 40.5°C (Peppa)
📡 Tick 795 | Max Temp: 40.5°C (Peppa)
📡 Tick 796 | Max Temp: 40.5°C (Peppa)
📡 Tick 797 | Max Temp: 40.5°C (Peppa)
📡 Tick 798 | Max Temp: 40.5°C (Peppa)
📡 Tick 799 | Max Temp: 40.5°C (Peppa)
📡 Tick 800 | Max Temp: 40.5°C (Peppa)
📡 Tick 801 | Max Temp: 40.5°C (Peppa)
📡 Tick 802 | Max Temp: 40.5°C (Peppa)
📡 Tick 803 | Max Temp: 40.5°C (Peppa)
📡 Tick 804 | Max Temp: 40.5°C (Peppa)
📡 Tick 805 | Max Temp: 40.5°C (Peppa)
📡 Tick 806 | Max Temp: 40.5°C (Peppa)
📡 Tick 807 | Max Temp: 40.5°C (Peppa)
📡 Tick 808 | Max Temp: 40.5°C (Peppa)
📡 Tick 809 | Max Temp: 40.5°C (Peppa)
📡 Tick 810 | Max Temp: 40.5°C (Peppa)
📡 Tick 811 | Max Temp: 40.5°C (Peppa)
📡 Tick 812 | Max Temp: 40.5°C (Peppa)
📡 Tick 813 | Max Temp: 40.5°C (Peppa)
📡 Tick 814 | Max Temp: 40.5°C (Peppa)
📡 Tick 815 | Max Temp: 40.5°C (Peppa)
📡 Tick 816 | Max Temp: 40.5°C (Peppa)
📡 Tick 817 | Max Temp: 40.5°C (Peppa)
📡 Tick 818 | Max Temp: 40.5°C (Peppa)
📡 Tick 819 | Max Temp: 40.5°C (Peppa)
📡 Tick 820 | Max Temp: 40.5°C (Peppa)
📡 Tick 821 | Max Temp: 40.5°C (Peppa)
📡 Tick 822 | Max Temp: 40.5°C (Peppa)
📡 Tick 823 | Max Temp: 40.5°C (Peppa)
📡 Tick 824 | Max Temp: 40.5°C (Peppa)
📡 Tick 825 | Max Temp: 40.5°C (Peppa)
📡 Tick 826 | Max Temp: 40.5°C (Peppa)
📡 Tick 827 | Max Temp: 40.5°C (Peppa)
📡 Tick 828 | Max Temp: 40.5°C (Peppa)
📡 Tick 829 | Max Temp: 40.5°C (Peppa)
📡 Tick 830 | Max Temp: 40.5°C (Peppa)
📡 Tick 831 | Max Temp: 40.5°C (Peppa)
📡 Tick 832 | Max Temp: 40.5°C (Peppa)
📡 Tick 833 | Max Temp: 40.5°C (Peppa)
📡 Tick 834 | Max Temp: 40.5°C (Peppa)
📡 Tick 835 | Max Temp: 40.5°C (Peppa)
📡 Tick 836 | Max Temp: 40.5°C (Peppa)
📡 Tick 837 | Max Temp: 40.5°C (Peppa)
📡 Tick 838 | Max Temp: 40.5°C (Peppa)
📡 Tick 839 | Max Temp: 40.5°C (Peppa)
📡 Tick 840 | Max Temp: 40.5°C (Peppa)
📡 Tick 841 | Max Temp: 40.5°C (Peppa)
📡 Tick 842 | Max Temp: 40.5°C (Peppa)
📡 Tick 843 | Max Temp: 40.5°C (Peppa)
📡 Tick 844 | Max Temp: 40.5°C (Peppa)
📡 Tick 845 | Max Temp: 40.5°C (Peppa)
📡 Tick 846 | Max Temp: 40.5°C (Peppa)
📡 Tick 847 | Max Temp: 40.5°C (Peppa)
📡 Tick 848 | Max Temp: 40.5°C (Peppa)
📡 Tick 849 | Max Temp: 40.5°C (Peppa)
📡 Tick 850 | Max Temp: 40.5°C (Peppa)
📡 Tick 851 | Max Temp: 40.5°C (Peppa)
📡 Tick 852 | Max Temp: 40.5°C (Peppa)
📡 Tick 853 | Max Temp: 40.5°C (Peppa)
📡 Tick 854 | Max Temp: 40.5°C (Peppa)
📡 Tick 855 | Max Temp: 40.5°C (Peppa)
📡 Tick 856 | Max Temp: 40.5°C (Peppa)
📡 Tick 857 | Max Temp: 40.5°C (Peppa)
📡 Tick 858 | Max Temp: 40.5°C (Peppa)
📡 Tick 859 | Max Temp: 40.5°C (Peppa)
📡 Tick 860 | Max Temp: 40.5°C (Peppa)
📡 Tick 861 | Max Temp: 40.5°C (Peppa)
📡 Tick 862 | Max Temp: 40.5°C (Peppa)
📡 Tick 863 | Max Temp: 40.5°C (Peppa)
📡 Tick 864 | Max Temp: 40.5°C (Peppa)
📡 Tick 865 | Max Temp: 40.5°C (Peppa)
📡 Tick 866 | Max Temp: 40.5°C (Peppa)
📡 Tick 867 | Max Temp: 40.5°C (Peppa)
📡 Tick 868 | Max Temp: 40.5°C (Peppa)
📡 Tick 869 | Max Temp: 40.5°C (Peppa)
📡 Tick 870 | Max Temp: 40.5°C (Peppa)
📡 Tick 871 | Max Temp: 40.5°C (Peppa)
📡 Tick 872 | Max Temp: 40.5°C (Peppa)
📡 Tick 873 | Max Temp: 40.5°C (Peppa)
📡 Tick 874 | Max Temp: 40.5°C (Peppa)
📡 Tick 875 | Max Temp: 40.5°C (Peppa)
📡 Tick 876 | Max Temp: 40.5°C (Peppa)
📡 Tick 877 | Max Temp: 40.5°C (Peppa)
📡 Tick 878 | Max Temp: 40.5°C (Peppa)
📡 Tick 879 | Max Temp: 40.5°C (Peppa)
📡 Tick 880 | Max Temp: 40.5°C (Peppa)
📡 Tick 881 | Max Temp: 40.5°C (Peppa)
📡 Tick 882 | Max Temp: 40.5°C (Peppa)
📡 Tick 883 | Max Temp: 40.5°C (Peppa)
📡 Tick 884 | Max Temp: 40.5°C (Peppa)
📡 Tick 885 | Max Temp: 40.5°C (Peppa)
📡 Tick 886 | Max Temp: 40.5°C (Peppa)
📡 Tick 887 | Max Temp: 40.5°C (Peppa)
📡 Tick 888 | Max Temp: 40.5°C (Peppa)
📡 Tick 889 | Max Temp: 40.5°C (Peppa)
📡 Tick 890 | Max Temp: 40.5°C (Peppa)
📡 Tick 891 | Max Temp: 40.5°C (Peppa)
📡 Tick 892 | Max Temp: 40.5°C (Peppa)
📡 Tick 893 | Max Temp: 40.5°C (Peppa)
📡 Tick 894 | Max Temp: 40.5°C (Peppa)
📡 Tick 895 | Max Temp: 40.5°C (Peppa)
📡 Tick 896 | Max Temp: 40.5°C (Peppa)
📡 Tick 897 | Max Temp: 40.5°C (Peppa)
📡 Tick 898 | Max Temp: 40.5°C (Peppa)
📡 Tick 899 | Max Temp: 40.5°C (Peppa)
📡 Tick 900 | Max Temp: 40.5°C (Peppa)
📡 Tick 901 | Max Temp: 40.5°C (Peppa)
📡 Tick 902 | Max Temp: 40.5°C (Peppa)
📡 Tick 903 | Max Temp: 40.5°C (Peppa)
📡 Tick 904 | Max Temp: 40.5°C (Peppa)
📡 Tick 905 | Max Temp: 40.5°C (Peppa)
📡 Tick 906 | Max Temp: 40.5°C (Peppa)
📡 Tick 907 | Max Temp: 40.5°C (Peppa)
📡 Tick 908 | Max Temp: 40.5°C (Peppa)
📡 Tick 909 | Max Temp: 40.5°C (Peppa)
📡 Tick 910 | Max Temp: 40.5°C (Peppa)
📡 Tick 911 | Max Temp: 40.5°C (Peppa)
📡 Tick 912 | Max Temp: 40.5°C (Peppa)
📡 Tick 913 | Max Temp: 40.5°C (Peppa)
📡 Tick 914 | Max Temp: 40.5°C (Peppa)
📡 Tick 915 | Max Temp: 40.5°C (Peppa)
📡 Tick 916 | Max Temp: 40.5°C (Peppa)
📡 Tick 917 | Max Temp: 40.5°C (Peppa)
📡 Tick 918 | Max Temp: 40.5°C (Peppa)
📡 Tick 919 | Max Temp: 40.5°C (Peppa)
📡 Tick 920 | Max Temp: 40.5°C (Peppa)
📡 Tick 921 | Max Temp: 40.5°C (Peppa)
📡 Tick 922 | Max Temp: 40.5°C (Peppa)
📡 Tick 923 | Max Temp: 40.5°C (Peppa)
📡 Tick 924 | Max Temp: 40.5°C (Peppa)
📡 Tick 925 | Max Temp: 40.5°C (Peppa)
📡 Tick 926 | Max Temp: 40.5°C (Peppa)
📡 Tick 927 | Max Temp: 40.5°C (Peppa)
📡 Tick 928 | Max Temp: 40.5°C (Peppa)
📡 Tick 929 | Max Temp: 40.5°C (Peppa)
📡 Tick 930 | Max Temp: 40.5°C (Peppa)
📡 Tick 931 | Max Temp: 40.5°C (Peppa)
📡 Tick 932 | Max Temp: 40.5°C (Peppa)
📡 Tick 933 | Max Temp: 40.5°C (Peppa)
📡 Tick 934 | Max Temp: 40.5°C (Peppa)
📡 Tick 935 | Max Temp: 40.5°C (Peppa)
📡 Tick 936 | Max Temp: 40.5°C (Peppa)
📡 Tick 937 | Max Temp: 40.5°C (Peppa)
📡 Tick 938 | Max Temp: 40.5°C (Peppa)
📡 Tick 939 | Max Temp: 40.5°C (Peppa)
📡 Tick 940 | Max Temp: 40.5°C (Peppa)
📡 Tick 941 | Max Temp: 40.5°C (Peppa)
📡 Tick 942 | Max Temp: 40.5°C (Peppa)
📡 Tick 943 | Max Temp: 40.5°C (Peppa)
📡 Tick 944 | Max Temp: 40.5°C (Peppa)
📡 Tick 945 | Max Temp: 40.5°C (Peppa)
📡 Tick 946 | Max Temp: 40.5°C (Peppa)
📡 Tick 947 | Max Temp: 40.5°C (Peppa)
📡 Tick 948 | Max Temp: 40.5°C (Peppa)
📡 Tick 949 | Max Temp: 40.5°C (Peppa)
📡 Tick 950 | Max Temp: 40.5°C (Peppa)
📡 Tick 951 | Max Temp: 40.5°C (Peppa)
📡 Tick 952 | Max Temp: 40.5°C (Peppa)
📡 Tick 953 | Max Temp: 40.5°C (Peppa)
📡 Tick 954 | Max Temp: 40.5°C (Peppa)
📡 Tick 955 | Max Temp: 40.5°C (Peppa)
📡 Tick 956 | Max Temp: 40.5°C (Peppa)
📡 Tick 957 | Max Temp: 40.5°C (Peppa)
📡 Tick 958 | Max Temp: 40.5°C (Peppa)
📡 Tick 959 | Max Temp: 40.5°C (Peppa)
📡 Tick 960 | Max Temp: 40.5°C (Peppa)
📡 Tick 961 | Max Temp: 40.5°C (Peppa)
📡 Tick 962 | Max Temp: 40.5°C (Peppa)
📡 Tick 963 | Max Temp: 40.5°C (Peppa)
📡 Tick 964 | Max Temp: 40.5°C (Peppa)
📡 Tick 965 | Max Temp: 40.5°C (Peppa)
📡 Tick 966 | Max Temp: 40.5°C (Peppa)
📡 Tick 967 | Max Temp: 40.5°C (Peppa)
📡 Tick 968 | Max Temp: 40.5°C (Peppa)
📡 Tick 969 | Max Temp: 40.5°C (Peppa)
📡 Tick 970 | Max Temp: 40.5°C (Peppa)
📡 Tick 971 | Max Temp: 40.5°C (Peppa)
📡 Tick 972 | Max Temp: 40.5°C (Peppa)
📡 Tick 973 | Max Temp: 40.5°C (Peppa)
📡 Tick 974 | Max Temp: 40.5°C (Peppa)
📡 Tick 975 | Max Temp: 40.5°C (Peppa)
📡 Tick 976 | Max Temp: 40.5°C (Peppa)
📡 Tick 977 | Max Temp: 40.5°C (Peppa)
📡 Tick 978 | Max Temp: 40.5°C (Peppa)
📡 Tick 979 | Max Temp: 40.5°C (Peppa)
📡 Tick 980 | Max Temp: 40.5°C (Peppa)
📡 Tick 981 | Max Temp: 40.5°C (Peppa)
📡 Tick 982 | Max Temp: 40.5°C (Peppa)
📡 Tick 983 | Max Temp: 40.5°C (Peppa)
📡 Tick 984 | Max Temp: 40.5°C (Peppa)
📡 Tick 985 | Max Temp: 40.5°C (Peppa)
📡 Tick 986 | Max Temp: 40.5°C (Peppa)
📡 Tick 987 | Max Temp: 40.5°C (Peppa)
📡 Tick 988 | Max Temp: 40.5°C (Peppa)
📡 Tick 989 | Max Temp: 40.5°C (Peppa)
📡 Tick 990 | Max Temp: 40.5°C (Peppa)
📡 Tick 991 | Max Temp: 40.5°C (Peppa)
📡 Tick 992 | Max Temp: 40.5°C (Peppa)
📡 Tick 993 | Max Temp: 40.5°C (Peppa)
📡 Tick 994 | Max Temp: 40.5°C (Peppa)
📡 Tick 995 | Max Temp: 40.5°C (Peppa)
📡 Tick 996 | Max Temp: 40.5°C (Peppa)
📡 Tick 997 | Max Temp: 40.5°C (Peppa)
📡 Tick 998 | Max Temp: 40.5°C (Peppa)
📡 Tick 999 | Max Temp: 40.5°C (Peppa)
📡 Tick 1000 | Max Temp: 40.5°C (Peppa)
📡 Tick 1001 | Max Temp: 40.5°C (Peppa)
📡 Tick 1002 | Max Temp: 40.5°C (Peppa)
📡 Tick 1003 | Max Temp: 40.5°C (Peppa)
📡 Tick 1004 | Max Temp: 40.5°C (Peppa)
📡 Tick 1005 | Max Temp: 40.5°C (Peppa)
📡 Tick 1006 | Max Temp: 40.5°C (Peppa)
📡 Tick 1007 | Max Temp: 40.5°C (Peppa)
📡 Tick 1008 | Max Temp: 40.5°C (Peppa)
📡 Tick 1009 | Max Temp: 40.5°C (Peppa)
📡 Tick 1010 | Max Temp: 40.5°C (Peppa)
📡 Tick 1011 | Max Temp: 40.5°C (Peppa)
📡 Tick 1012 | Max Temp: 40.5°C (Peppa)
📡 Tick 1013 | Max Temp: 40.5°C (Peppa)
📡 Tick 1014 | Max Temp: 40.5°C (Peppa)
📡 Tick 1015 | Max Temp: 40.5°C (Peppa)
📡 Tick 1016 | Max Temp: 40.5°C (Peppa)
📡 Tick 1017 | Max Temp: 40.5°C (Peppa)
📡 Tick 1018 | Max Temp: 40.5°C (Peppa)
📡 Tick 1019 | Max Temp: 40.5°C (Peppa)
📡 Tick 1020 | Max Temp: 40.5°C (Peppa)
📡 Tick 1021 | Max Temp: 40.5°C (Peppa)
📡 Tick 1022 | Max Temp: 40.5°C (Peppa)
📡 Tick 1023 | Max Temp: 40.5°C (Peppa)
📡 Tick 1024 | Max Temp: 40.5°C (Peppa)
📡 Tick 1025 | Max Temp: 40.5°C (Peppa)
📡 Tick 1026 | Max Temp: 40.5°C (Peppa)
📡 Tick 1027 | Max Temp: 40.5°C (Peppa)
📡 Tick 1028 | Max Temp: 40.5°C (Peppa)
📡 Tick 1029 | Max Temp: 40.5°C (Peppa)
📡 Tick 1030 | Max Temp: 40.5°C (Peppa)
📡 Tick 1031 | Max Temp: 40.5°C (Peppa)
📡 Tick 1032 | Max Temp: 40.5°C (Peppa)
📡 Tick 1033 | Max Temp: 40.5°C (Peppa)
📡 Tick 1034 | Max Temp: 40.5°C (Peppa)
📡 Tick 1035 | Max Temp: 40.5°C (Peppa)
📡 Tick 1036 | Max Temp: 40.5°C (Peppa)
📡 Tick 1037 | Max Temp: 40.5°C (Peppa)
📡 Tick 1038 | Max Temp: 40.5°C (Peppa)
📡 Tick 1039 | Max Temp: 40.5°C (Peppa)
📡 Tick 1040 | Max Temp: 40.5°C (Peppa)
📡 Tick 1041 | Max Temp: 40.5°C (Peppa)
📡 Tick 1042 | Max Temp: 40.5°C (Peppa)
📡 Tick 1043 | Max Temp: 40.5°C (Peppa)
📡 Tick 1044 | Max Temp: 40.5°C (Peppa)
📡 Tick 1045 | Max Temp: 40.5°C (Peppa)
📡 Tick 1046 | Max Temp: 40.5°C (Peppa)
📡 Tick 1047 | Max Temp: 40.5°C (Peppa)
📡 Tick 1048 | Max Temp: 40.5°C (Peppa)
📡 Tick 1049 | Max Temp: 40.5°C (Peppa)
📡 Tick 1050 | Max Temp: 40.5°C (Peppa)
📡 Tick 1051 | Max Temp: 40.5°C (Peppa)
📡 Tick 1052 | Max Temp: 40.5°C (Peppa)
📡 Tick 1053 | Max Temp: 40.5°C (Peppa)
📡 Tick 1054 | Max Temp: 40.5°C (Peppa)
📡 Tick 1055 | Max Temp: 40.5°C (Peppa)
📡 Tick 1056 | Max Temp: 40.5°C (Peppa)
📡 Tick 1057 | Max Temp: 40.5°C (Peppa)
📡 Tick 1058 | Max Temp: 40.5°C (Peppa)
📡 Tick 1059 | Max Temp: 40.5°C (Peppa)
📡 Tick 1060 | Max Temp: 40.5°C (Peppa)
📡 Tick 1061 | Max Temp: 40.5°C (Peppa)
📡 Tick 1062 | Max Temp: 40.5°C (Peppa)
📡 Tick 1063 | Max Temp: 40.5°C (Peppa)
📡 Tick 1064 | Max Temp: 40.5°C (Peppa)
📡 Tick 1065 | Max Temp: 40.5°C (Peppa)
📡 Tick 1066 | Max Temp: 40.5°C (Peppa)
📡 Tick 1067 | Max Temp: 40.5°C (Peppa)
📡 Tick 1068 | Max Temp: 40.5°C (Peppa)
📡 Tick 1069 | Max Temp: 40.5°C (Peppa)
📡 Tick 1070 | Max Temp: 40.5°C (Peppa)
📡 Tick 1071 | Max Temp: 40.5°C (Peppa)
📡 Tick 1072 | Max Temp: 40.5°C (Peppa)
📡 Tick 1073 | Max Temp: 40.5°C (Peppa)
📡 Tick 1074 | Max Temp: 40.5°C (Peppa)
📡 Tick 1075 | Max Temp: 40.5°C (Peppa)
📡 Tick 1076 | Max Temp: 40.5°C (Peppa)
📡 Tick 1077 | Max Temp: 40.5°C (Peppa)
📡 Tick 1078 | Max Temp: 40.5°C (Peppa)
📡 Tick 1079 | Max Temp: 40.5°C (Peppa)
📡 Tick 1080 | Max Temp: 40.5°C (Peppa)
📡 Tick 1081 | Max Temp: 40.5°C (Peppa)
📡 Tick 1082 | Max Temp: 40.5°C (Peppa)
📡 Tick 1083 | Max Temp: 40.5°C (Peppa)
📡 Tick 1084 | Max Temp: 40.5°C (Peppa)
📡 Tick 1085 | Max Temp: 40.5°C (Peppa)
📡 Tick 1086 | Max Temp: 40.5°C (Peppa)
📡 Tick 1087 | Max Temp: 40.5°C (Peppa)
📡 Tick 1088 | Max Temp: 40.5°C (Peppa)
📡 Tick 1089 | Max Temp: 40.5°C (Peppa)
📡 Tick 1090 | Max Temp: 40.5°C (Peppa)
📡 Tick 1091 | Max Temp: 40.5°C (Peppa)
📡 Tick 1092 | Max Temp: 40.5°C (Peppa)
📡 Tick 1093 | Max Temp: 40.5°C (Peppa)
📡 Tick 1094 | Max Temp: 40.5°C (Peppa)
📡 Tick 1095 | Max Temp: 40.5°C (Peppa)
📡 Tick 1096 | Max Temp: 40.5°C (Peppa)
📡 Tick 1097 | Max Temp: 40.5°C (Peppa)
📡 Tick 1098 | Max Temp: 40.5°C (Peppa)
📡 Tick 1099 | Max Temp: 40.5°C (Peppa)
📡 Tick 1100 | Max Temp: 40.5°C (Peppa)
📡 Tick 1101 | Max Temp: 40.5°C (Peppa)
📡 Tick 1102 | Max Temp: 40.5°C (Peppa)
📡 Tick 1103 | Max Temp: 40.5°C (Peppa)
📡 Tick 1104 | Max Temp: 40.5°C (Peppa)
📡 Tick 1105 | Max Temp: 40.5°C (Peppa)
📡 Tick 1106 | Max Temp: 40.5°C (Peppa)
📡 Tick 1107 | Max Temp: 40.5°C (Peppa)
📡 Tick 1108 | Max Temp: 40.5°C (Peppa)
📡 Tick 1109 | Max Temp: 40.5°C (Peppa)
📡 Tick 1110 | Max Temp: 40.5°C (Peppa)
📡 Tick 1111 | Max Temp: 40.5°C (Peppa)
📡 Tick 1112 | Max Temp: 40.5°C (Peppa)
📡 Tick 1113 | Max Temp: 40.5°C (Peppa)
📡 Tick 1114 | Max Temp: 40.5°C (Peppa)
📡 Tick 1115 | Max Temp: 40.5°C (Peppa)
📡 Tick 1116 | Max Temp: 40.5°C (Peppa)
📡 Tick 1117 | Max Temp: 40.5°C (Peppa)
📡 Tick 1118 | Max Temp: 40.5°C (Peppa)
📡 Tick 1119 | Max Temp: 40.5°C (Peppa)
📡 Tick 1120 | Max Temp: 40.5°C (Peppa)
📡 Tick 1121 | Max Temp: 40.5°C (Peppa)
📡 Tick 1122 | Max Temp: 40.5°C (Peppa)
📡 Tick 1123 | Max Temp: 40.5°C (Peppa)
📡 Tick 1124 | Max Temp: 40.5°C (Peppa)
📡 Tick 1125 | Max Temp: 40.5°C (Peppa)
📡 Tick 1126 | Max Temp: 40.5°C (Peppa)
📡 Tick 1127 | Max Temp: 40.5°C (Peppa)
📡 Tick 1128 | Max Temp: 40.5°C (Peppa)
📡 Tick 1129 | Max Temp: 40.5°C (Peppa)
📡 Tick 1130 | Max Temp: 40.5°C (Peppa)
📡 Tick 1131 | Max Temp: 40.5°C (Peppa)
📡 Tick 1132 | Max Temp: 40.5°C (Peppa)
📡 Tick 1133 | Max Temp: 40.5°C (Peppa)
📡 Tick 1134 | Max Temp: 40.5°C (Peppa)
📡 Tick 1135 | Max Temp: 40.5°C (Peppa)
📡 Tick 1136 | Max Temp: 40.5°C (Peppa)
📡 Tick 1137 | Max Temp: 40.5°C (Peppa)
📡 Tick 1138 | Max Temp: 40.5°C (Peppa)
📡 Tick 1139 | Max Temp: 40.5°C (Peppa)
📡 Tick 1140 | Max Temp: 40.5°C (Peppa)
📡 Tick 1141 | Max Temp: 40.5°C (Peppa)
📡 Tick 1142 | Max Temp: 40.5°C (Peppa)
📡 Tick 1143 | Max Temp: 40.5°C (Peppa)
📡 Tick 1144 | Max Temp: 40.5°C (Peppa)
📡 Tick 1145 | Max Temp: 40.5°C (Peppa)
📡 Tick 1146 | Max Temp: 40.5°C (Peppa)
📡 Tick 1147 | Max Temp: 40.5°C (Peppa)
📡 Tick 1148 | Max Temp: 40.5°C (Peppa)
📡 Tick 1149 | Max Temp: 40.5°C (Peppa)
📡 Tick 1150 | Max Temp: 40.5°C (Peppa)
📡 Tick 1151 | Max Temp: 40.5°C (Peppa)
📡 Tick 1152 | Max Temp: 40.5°C (Peppa)
📡 Tick 1153 | Max Temp: 40.5°C (Peppa)
📡 Tick 1154 | Max Temp: 40.5°C (Peppa)
📡 Tick 1155 | Max Temp: 40.5°C (Peppa)
📡 Tick 1156 | Max Temp: 40.5°C (Peppa)
📡 Tick 1157 | Max Temp: 40.5°C (Peppa)
📡 Tick 1158 | Max Temp: 40.5°C (Peppa)
📡 Tick 1159 | Max Temp: 40.5°C (Peppa)
📡 Tick 1160 | Max Temp: 40.5°C (Peppa)
📡 Tick 1161 | Max Temp: 40.5°C (Peppa)
📡 Tick 1162 | Max Temp: 40.5°C (Peppa)
📡 Tick 1163 | Max Temp: 40.5°C (Peppa)
📡 Tick 1164 | Max Temp: 40.5°C (Peppa)
📡 Tick 1165 | Max Temp: 40.5°C (Peppa)
📡 Tick 1166 | Max Temp: 40.5°C (Peppa)
📡 Tick 1167 | Max Temp: 40.5°C (Peppa)
📡 Tick 1168 | Max Temp: 40.5°C (Peppa)
📡 Tick 1169 | Max Temp: 40.5°C (Peppa)
📡 Tick 1170 | Max Temp: 40.5°C (Peppa)
📡 Tick 1171 | Max Temp: 40.5°C (Peppa)
📡 Tick 1172 | Max Temp: 40.5°C (Peppa)
📡 Tick 1173 | Max Temp: 40.5°C (Peppa)
📡 Tick 1174 | Max Temp: 40.5°C (Peppa)
📡 Tick 1175 | Max Temp: 40.5°C (Peppa)
📡 Tick 1176 | Max Temp: 40.5°C (Peppa)
📡 Tick 1177 | Max Temp: 40.5°C (Peppa)
📡 Tick 1178 | Max Temp: 40.5°C (Peppa)
📡 Tick 1179 | Max Temp: 40.5°C (Peppa)
📡 Tick 1180 | Max Temp: 40.5°C (Peppa)
📡 Tick 1181 | Max Temp: 40.5°C (Peppa)
📡 Tick 1182 | Max Temp: 40.5°C (Peppa)
📡 Tick 1183 | Max Temp: 40.5°C (Peppa)
📡 Tick 1184 | Max Temp: 40.5°C (Peppa)
📡 Tick 1185 | Max Temp: 40.5°C (Peppa)
📡 Tick 1186 | Max Temp: 40.5°C (Peppa)
📡 Tick 1187 | Max Temp: 40.5°C (Peppa)
📡 Tick 1188 | Max Temp: 40.5°C (Peppa)
📡 Tick 1189 | Max Temp: 40.5°C (Peppa)
📡 Tick 1190 | Max Temp: 40.5°C (Peppa)
📡 Tick 1191 | Max Temp: 40.5°C (Peppa)
📡 Tick 1192 | Max Temp: 40.5°C (Peppa)
📡 Tick 1193 | Max Temp: 40.5°C (Peppa)
📡 Tick 1194 | Max Temp: 40.5°C (Peppa)
📡 Tick 1195 | Max Temp: 40.5°C (Peppa)
📡 Tick 1196 | Max Temp: 40.5°C (Peppa)
📡 Tick 1197 | Max Temp: 40.5°C (Peppa)
📡 Tick 1198 | Max Temp: 40.5°C (Peppa)
📡 Tick 1199 | Max Temp: 40.5°C (Peppa)
📡 Tick 1200 | Max Temp: 40.5°C (Peppa)
📡 Tick 1201 | Max Temp: 40.5°C (Peppa)
📡 Tick 1202 | Max Temp: 40.5°C (Peppa)
📡 Tick 1203 | Max Temp: 40.5°C (Peppa)
📡 Tick 1204 | Max Temp: 40.5°C (Peppa)
📡 Tick 1205 | Max Temp: 40.5°C (Peppa)
📡 Tick 1206 | Max Temp: 40.5°C (Peppa)
📡 Tick 1207 | Max Temp: 40.5°C (Peppa)
📡 Tick 1208 | Max Temp: 40.5°C (Peppa)
📡 Tick 1209 | Max Temp: 40.5°C (Peppa)
📡 Tick 1210 | Max Temp: 40.5°C (Peppa)
📡 Tick 1211 | Max Temp: 40.5°C (Peppa)
📡 Tick 1212 | Max Temp: 40.5°C (Peppa)
📡 Tick 1213 | Max Temp: 40.5°C (Peppa)
📡 Tick 1214 | Max Temp: 40.5°C (Peppa)
📡 Tick 1215 | Max Temp: 40.5°C (Peppa)
📡 Tick 1216 | Max Temp: 40.5°C (Peppa)
📡 Tick 1217 | Max Temp: 40.5°C (Peppa)
📡 Tick 1218 | Max Temp: 40.5°C (Peppa)
📡 Tick 1219 | Max Temp: 40.5°C (Peppa)
📡 Tick 1220 | Max Temp: 40.5°C (Peppa)
📡 Tick 1221 | Max Temp: 40.5°C (Peppa)
📡 Tick 1222 | Max Temp: 40.5°C (Peppa)
📡 Tick 1223 | Max Temp: 40.5°C (Peppa)
📡 Tick 1224 | Max Temp: 40.5°C (Peppa)
📡 Tick 1225 | Max Temp: 40.5°C (Peppa)
📡 Tick 1226 | Max Temp: 40.5°C (Peppa)
📡 Tick 1227 | Max Temp: 40.5°C (Peppa)
📡 Tick 1228 | Max Temp: 40.5°C (Peppa)
📡 Tick 1229 | Max Temp: 40.5°C (Peppa)
📡 Tick 1230 | Max Temp: 40.5°C (Peppa)
📡 Tick 1231 | Max Temp: 40.5°C (Peppa)
📡 Tick 1232 | Max Temp: 40.5°C (Peppa)
📡 Tick 1233 | Max Temp: 40.5°C (Peppa)
📡 Tick 1234 | Max Temp: 40.5°C (Peppa)
📡 Tick 1235 | Max Temp: 40.5°C (Peppa)
📡 Tick 1236 | Max Temp: 40.5°C (Peppa)
📡 Tick 1237 | Max Temp: 40.5°C (Peppa)
📡 Tick 1238 | Max Temp: 40.5°C (Peppa)
📡 Tick 1239 | Max Temp: 40.5°C (Peppa)
📡 Tick 1240 | Max Temp: 40.5°C (Peppa)
📡 Tick 1241 | Max Temp: 40.5°C (Peppa)
📡 Tick 1242 | Max Temp: 40.5°C (Peppa)
📡 Tick 1243 | Max Temp: 40.5°C (Peppa)
📡 Tick 1244 | Max Temp: 40.5°C (Peppa)
📡 Tick 1245 | Max Temp: 40.5°C (Peppa)
📡 Tick 1246 | Max Temp: 40.5°C (Peppa)
📡 Tick 1247 | Max Temp: 40.5°C (Peppa)
📡 Tick 1248 | Max Temp: 40.5°C (Peppa)
📡 Tick 1249 | Max Temp: 40.5°C (Peppa)
📡 Tick 1250 | Max Temp: 40.5°C (Peppa)
📡 Tick 1251 | Max Temp: 40.5°C (Peppa)
📡 Tick 1252 | Max Temp: 40.5°C (Peppa)
📡 Tick 1253 | Max Temp: 40.5°C (Peppa)
📡 Tick 1254 | Max Temp: 40.5°C (Peppa)
📡 Tick 1255 | Max Temp: 40.5°C (Peppa)
📡 Tick 1256 | Max Temp: 40.5°C (Peppa)
📡 Tick 1257 | Max Temp: 40.5°C (Peppa)
📡 Tick 1258 | Max Temp: 40.5°C (Peppa)
📡 Tick 1259 | Max Temp: 40.5°C (Peppa)
📡 Tick 1260 | Max Temp: 40.5°C (Peppa)
📡 Tick 1261 | Max Temp: 40.5°C (Peppa)
📡 Tick 1262 | Max Temp: 40.5°C (Peppa)
📡 Tick 1263 | Max Temp: 40.5°C (Peppa)
📡 Tick 1264 | Max Temp: 40.5°C (Peppa)
📡 Tick 1265 | Max Temp: 40.5°C (Peppa)
📡 Tick 1266 | Max Temp: 40.5°C (Peppa)
📡 Tick 1267 | Max Temp: 40.5°C (Peppa)
📡 Tick 1268 | Max Temp: 40.5°C (Peppa)
📡 Tick 1269 | Max Temp: 40.5°C (Peppa)
📡 Tick 1270 | Max Temp: 40.5°C (Peppa)
📡 Tick 1271 | Max Temp: 40.5°C (Peppa)
📡 Tick 1272 | Max Temp: 40.5°C (Peppa)
📡 Tick 1273 | Max Temp: 40.5°C (Peppa)
📡 Tick 1274 | Max Temp: 40.5°C (Peppa)
📡 Tick 1275 | Max Temp: 40.5°C (Peppa)
📡 Tick 1276 | Max Temp: 40.5°C (Peppa)
📡 Tick 1277 | Max Temp: 40.5°C (Peppa)
📡 Tick 1278 | Max Temp: 40.5°C (Peppa)
📡 Tick 1279 | Max Temp: 40.5°C (Peppa)
📡 Tick 1280 | Max Temp: 40.5°C (Peppa)
📡 Tick 1281 | Max Temp: 40.5°C (Peppa)
📡 Tick 1282 | Max Temp: 40.5°C (Peppa)
📡 Tick 1283 | Max Temp: 40.5°C (Peppa)
📡 Tick 1284 | Max Temp: 40.5°C (Peppa)
📡 Tick 1285 | Max Temp: 40.5°C (Peppa)
📡 Tick 1286 | Max Temp: 40.5°C (Peppa)
📡 Tick 1287 | Max Temp: 40.5°C (Peppa)
📡 Tick 1288 | Max Temp: 40.5°C (Peppa)
📡 Tick 1289 | Max Temp: 40.5°C (Peppa)
📡 Tick 1290 | Max Temp: 40.5°C (Peppa)
📡 Tick 1291 | Max Temp: 40.5°C (Peppa)
📡 Tick 1292 | Max Temp: 40.5°C (Peppa)
📡 Tick 1293 | Max Temp: 40.5°C (Peppa)
📡 Tick 1294 | Max Temp: 40.5°C (Peppa)
📡 Tick 1295 | Max Temp: 40.5°C (Peppa)
📡 Tick 1296 | Max Temp: 40.5°C (Peppa)
📡 Tick 1297 | Max Temp: 40.5°C (Peppa)
📡 Tick 1298 | Max Temp: 40.5°C (Peppa)
📡 Tick 1299 | Max Temp: 40.5°C (Peppa)
📡 Tick 1300 | Max Temp: 40.5°C (Peppa)
📡 Tick 1301 | Max Temp: 40.5°C (Peppa)
📡 Tick 1302 | Max Temp: 40.5°C (Peppa)
📡 Tick 1303 | Max Temp: 40.5°C (Peppa)
📡 Tick 1304 | Max Temp: 40.5°C (Peppa)
📡 Tick 1305 | Max Temp: 40.5°C (Peppa)
📡 Tick 1306 | Max Temp: 40.5°C (Peppa)
📡 Tick 1307 | Max Temp: 40.5°C (Peppa)
📡 Tick 1308 | Max Temp: 40.5°C (Peppa)
📡 Tick 1309 | Max Temp: 40.5°C (Peppa)
📡 Tick 1310 | Max Temp: 40.5°C (Peppa)
📡 Tick 1311 | Max Temp: 40.5°C (Peppa)
📡 Tick 1312 | Max Temp: 40.5°C (Peppa)
📡 Tick 1313 | Max Temp: 40.5°C (Peppa)
📡 Tick 1314 | Max Temp: 40.5°C (Peppa)
📡 Tick 1315 | Max Temp: 40.5°C (Peppa)
📡 Tick 1316 | Max Temp: 40.5°C (Peppa)
📡 Tick 1317 | Max Temp: 40.5°C (Peppa)
📡 Tick 1318 | Max Temp: 40.5°C (Peppa)
📡 Tick 1319 | Max Temp: 40.5°C (Peppa)
📡 Tick 1320 | Max Temp: 40.5°C (Peppa)
📡 Tick 1321 | Max Temp: 40.5°C (Peppa)
📡 Tick 1322 | Max Temp: 40.5°C (Peppa)
📡 Tick 1323 | Max Temp: 40.5°C (Peppa)
📡 Tick 1324 | Max Temp: 40.5°C (Peppa)
📡 Tick 1325 | Max Temp: 40.5°C (Peppa)
📡 Tick 1326 | Max Temp: 40.5°C (Peppa)
📡 Tick 1327 | Max Temp: 40.5°C (Peppa)
📡 Tick 1328 | Max Temp: 40.5°C (Peppa)
📡 Tick 1329 | Max Temp: 40.5°C (Peppa)
📡 Tick 1330 | Max Temp: 40.5°C (Peppa)
📡 Tick 1331 | Max Temp: 40.5°C (Peppa)
📡 Tick 1332 | Max Temp: 40.5°C (Peppa)
📡 Tick 1333 | Max Temp: 40.5°C (Peppa)
📡 Tick 1334 | Max Temp: 40.5°C (Peppa)
📡 Tick 1335 | Max Temp: 40.5°C (Peppa)
📡 Tick 1336 | Max Temp: 40.5°C (Peppa)
📡 Tick 1337 | Max Temp: 40.5°C (Peppa)
📡 Tick 1338 | Max Temp: 40.5°C (Peppa)
📡 Tick 1339 | Max Temp: 40.5°C (Peppa)
📡 Tick 1340 | Max Temp: 40.5°C (Peppa)
📡 Tick 1341 | Max Temp: 40.5°C (Peppa)
📡 Tick 1342 | Max Temp: 40.5°C (Peppa)
📡 Tick 1343 | Max Temp: 40.5°C (Peppa)
📡 Tick 1344 | Max Temp: 40.5°C (Peppa)
📡 Tick 1345 | Max Temp: 40.5°C (Peppa)
📡 Tick 1346 | Max Temp: 40.5°C (Peppa)
📡 Tick 1347 | Max Temp: 40.5°C (Peppa)
📡 Tick 1348 | Max Temp: 40.5°C (Peppa)
📡 Tick 1349 | Max Temp: 40.5°C (Peppa)
📡 Tick 1350 | Max Temp: 40.5°C (Peppa)
📡 Tick 1351 | Max Temp: 40.5°C (Peppa)
📡 Tick 1352 | Max Temp: 40.5°C (Peppa)
📡 Tick 1353 | Max Temp: 40.5°C (Peppa)
📡 Tick 1354 | Max Temp: 40.5°C (Peppa)
📡 Tick 1355 | Max Temp: 40.5°C (Peppa)
📡 Tick 1356 | Max Temp: 40.5°C (Peppa)
📡 Tick 1357 | Max Temp: 40.5°C (Peppa)
📡 Tick 1358 | Max Temp: 40.5°C (Peppa)
📡 Tick 1359 | Max Temp: 40.5°C (Peppa)
📡 Tick 1360 | Max Temp: 40.5°C (Peppa)
📡 Tick 1361 | Max Temp: 40.5°C (Peppa)
📡 Tick 1362 | Max Temp: 40.5°C (Peppa)
📡 Tick 1363 | Max Temp: 40.5°C (Peppa)
📡 Tick 1364 | Max Temp: 40.5°C (Peppa)
📡 Tick 1365 | Max Temp: 40.5°C (Peppa)
📡 Tick 1366 | Max Temp: 40.5°C (Peppa)
📡 Tick 1367 | Max Temp: 40.5°C (Peppa)
📡 Tick 1368 | Max Temp: 40.5°C (Peppa)
📡 Tick 1369 | Max Temp: 40.5°C (Peppa)
📡 Tick 1370 | Max Temp: 40.5°C (Peppa)
📡 Tick 1371 | Max Temp: 40.5°C (Peppa)
📡 Tick 1372 | Max Temp: 40.5°C (Peppa)
📡 Tick 1373 | Max Temp: 40.5°C (Peppa)
📡 Tick 1374 | Max Temp: 40.5°C (Peppa)
📡 Tick 1375 | Max Temp: 40.5°C (Peppa)
📡 Tick 1376 | Max Temp: 40.5°C (Peppa)
📡 Tick 1377 | Max Temp: 40.5°C (Peppa)
📡 Tick 1378 | Max Temp: 40.5°C (Peppa)
📡 Tick 1379 | Max Temp: 40.5°C (Peppa)
📡 Tick 1380 | Max Temp: 40.5°C (Peppa)
📡 Tick 1381 | Max Temp: 40.5°C (Peppa)
📡 Tick 1382 | Max Temp: 40.5°C (Peppa)
📡 Tick 1383 | Max Temp: 40.5°C (Peppa)
📡 Tick 1384 | Max Temp: 40.5°C (Peppa)
📡 Tick 1385 | Max Temp: 40.5°C (Peppa)
📡 Tick 1386 | Max Temp: 40.5°C (Peppa)
📡 Tick 1387 | Max Temp: 40.5°C (Peppa)
📡 Tick 1388 | Max Temp: 40.5°C (Peppa)
📡 Tick 1389 | Max Temp: 40.5°C (Peppa)
📡 Tick 1390 | Max Temp: 40.5°C (Peppa)
📡 Tick 1391 | Max Temp: 40.5°C (Peppa)
📡 Tick 1392 | Max Temp: 40.5°C (Peppa)
📡 Tick 1393 | Max Temp: 40.5°C (Peppa)
📡 Tick 1394 | Max Temp: 40.5°C (Peppa)
📡 Tick 1395 | Max Temp: 40.5°C (Peppa)
📡 Tick 1396 | Max Temp: 40.5°C (Peppa)
📡 Tick 1397 | Max Temp: 40.5°C (Peppa)
📡 Tick 1398 | Max Temp: 40.5°C (Peppa)
📡 Tick 1399 | Max Temp: 40.5°C (Peppa)
📡 Tick 1400 | Max Temp: 40.5°C (Peppa)
📡 Tick 1401 | Max Temp: 40.5°C (Peppa)
📡 Tick 1402 | Max Temp: 40.5°C (Peppa)
📡 Tick 1403 | Max Temp: 40.5°C (Peppa)
📡 Tick 1404 | Max Temp: 40.5°C (Peppa)
📡 Tick 1405 | Max Temp: 40.5°C (Peppa)
📡 Tick 1406 | Max Temp: 40.5°C (Peppa)
📡 Tick 1407 | Max Temp: 40.5°C (Peppa)
📡 Tick 1408 | Max Temp: 40.5°C (Peppa)
📡 Tick 1409 | Max Temp: 40.5°C (Peppa)
📡 Tick 1410 | Max Temp: 40.5°C (Peppa)
📡 Tick 1411 | Max Temp: 40.5°C (Peppa)
📡 Tick 1412 | Max Temp: 40.5°C (Peppa)
📡 Tick 1413 | Max Temp: 40.5°C (Peppa)
📡 Tick 1414 | Max Temp: 40.5°C (Peppa)
📡 Tick 1415 | Max Temp: 40.5°C (Peppa)
📡 Tick 1416 | Max Temp: 40.5°C (Peppa)
📡 Tick 1417 | Max Temp: 40.5°C (Peppa)
📡 Tick 1418 | Max Temp: 40.5°C (Peppa)
📡 Tick 1419 | Max Temp: 40.5°C (Peppa)
📡 Tick 1420 | Max Temp: 40.5°C (Peppa)
📡 Tick 1421 | Max Temp: 40.5°C (Peppa)
📡 Tick 1422 | Max Temp: 40.5°C (Peppa)
📡 Tick 1423 | Max Temp: 40.5°C (Peppa)
📡 Tick 1424 | Max Temp: 40.5°C (Peppa)
📡 Tick 1425 | Max Temp: 40.5°C (Peppa)
📡 Tick 1426 | Max Temp: 40.5°C (Peppa)
📡 Tick 1427 | Max Temp: 40.5°C (Peppa)
📡 Tick 1428 | Max Temp: 40.5°C (Peppa)
📡 Tick 1429 | Max Temp: 40.5°C (Peppa)
📡 Tick 1430 | Max Temp: 40.5°C (Peppa)
📡 Tick 1431 | Max Temp: 40.5°C (Peppa)
📡 Tick 1432 | Max Temp: 40.5°C (Peppa)
📡 Tick 1433 | Max Temp: 40.5°C (Peppa)
📡 Tick 1434 | Max Temp: 40.5°C (Peppa)
📡 Tick 1435 | Max Temp: 40.5°C (Peppa)
📡 Tick 1436 | Max Temp: 40.5°C (Peppa)
📡 Tick 1437 | Max Temp: 40.5°C (Peppa)
📡 Tick 1438 | Max Temp: 40.5°C (Peppa)
📡 Tick 1439 | Max Temp: 40.5°C (Peppa)
📡 Tick 1440 | Max Temp: 40.5°C (Peppa)
📡 Tick 1441 | Max Temp: 40.5°C (Peppa)
📡 Tick 1442 | Max Temp: 40.5°C (Peppa)
📡 Tick 1443 | Max Temp: 40.5°C (Peppa)
📡 Tick 1444 | Max Temp: 40.5°C (Peppa)
📡 Tick 1445 | Max Temp: 40.5°C (Peppa)
📡 Tick 1446 | Max Temp: 40.5°C (Peppa)
📡 Tick 1447 | Max Temp: 40.5°C (Peppa)
📡 Tick 1448 | Max Temp: 40.5°C (Peppa)
📡 Tick 1449 | Max Temp: 40.5°C (Peppa)
📡 Tick 1450 | Max Temp: 40.5°C (Peppa)
📡 Tick 1451 | Max Temp: 40.5°C (Peppa)
📡 Tick 1452 | Max Temp: 40.5°C (Peppa)
📡 Tick 1453 | Max Temp: 40.5°C (Peppa)
📡 Tick 1454 | Max Temp: 40.5°C (Peppa)
📡 Tick 1455 | Max Temp: 40.5°C (Peppa)
📡 Tick 1456 | Max Temp: 40.5°C (Peppa)
📡 Tick 1457 | Max Temp: 40.5°C (Peppa)
📡 Tick 1458 | Max Temp: 40.5°C (Peppa)
📡 Tick 1459 | Max Temp: 40.5°C (Peppa)
📡 Tick 1460 | Max Temp: 40.5°C (Peppa)
📡 Tick 1461 | Max Temp: 40.5°C (Peppa)
📡 Tick 1462 | Max Temp: 40.5°C (Peppa)
📡 Tick 1463 | Max Temp: 40.5°C (Peppa)
📡 Tick 1464 | Max Temp: 40.5°C (Peppa)
📡 Tick 1465 | Max Temp: 40.5°C (Peppa)
📡 Tick 1466 | Max Temp: 40.5°C (Peppa)
📡 Tick 1467 | Max Temp: 40.5°C (Peppa)
📡 Tick 1468 | Max Temp: 40.5°C (Peppa)
📡 Tick 1469 | Max Temp: 40.5°C (Peppa)
📡 Tick 1470 | Max Temp: 40.5°C (Peppa)
📡 Tick 1471 | Max Temp: 40.5°C (Peppa)
📡 Tick 1472 | Max Temp: 40.5°C (Peppa)
📡 Tick 1473 | Max Temp: 40.5°C (Peppa)
📡 Tick 1474 | Max Temp: 40.5°C (Peppa)
📡 Tick 1475 | Max Temp: 40.5°C (Peppa)
📡 Tick 1476 | Max Temp: 40.5°C (Peppa)
📡 Tick 1477 | Max Temp: 40.5°C (Peppa)
📡 Tick 1478 | Max Temp: 40.5°C (Peppa)
📡 Tick 1479 | Max Temp: 40.5°C (Peppa)
📡 Tick 1480 | Max Temp: 40.5°C (Peppa)
📡 Tick 1481 | Max Temp: 40.5°C (Peppa)
📡 Tick 1482 | Max Temp: 40.5°C (Peppa)
📡 Tick 1483 | Max Temp: 40.5°C (Peppa)
📡 Tick 1484 | Max Temp: 40.5°C (Peppa)
📡 Tick 1485 | Max Temp: 40.5°C (Peppa)
📡 Tick 1486 | Max Temp: 40.5°C (Peppa)
📡 Tick 1487 | Max Temp: 40.5°C (Peppa)
📡 Tick 1488 | Max Temp: 40.5°C (Peppa)
📡 Tick 1489 | Max Temp: 40.5°C (Peppa)
📡 Tick 1490 | Max Temp: 40.5°C (Peppa)
📡 Tick 1491 | Max Temp: 40.5°C (Peppa)
📡 Tick 1492 | Max Temp: 40.5°C (Peppa)
📡 Tick 1493 | Max Temp: 40.5°C (Peppa)
📡 Tick 1494 | Max Temp: 40.5°C (Peppa)
📡 Tick 1495 | Max Temp: 40.5°C (Peppa)
📡 Tick 1496 | Max Temp: 40.5°C (Peppa)
📡 Tick 1497 | Max Temp: 40.5°C (Peppa)
📡 Tick 1498 | Max Temp: 40.5°C (Peppa)
📡 Tick 1499 | Max Temp: 40.5°C (Peppa)
📡 Tick 1500 | Max Temp: 40.5°C (Peppa)
📡 Tick 1501 | Max Temp: 40.5°C (Peppa)
📡 Tick 1502 | Max Temp: 40.5°C (Peppa)
📡 Tick 1503 | Max Temp: 40.5°C (Peppa)
📡 Tick 1504 | Max Temp: 40.5°C (Peppa)
📡 Tick 1505 | Max Temp: 40.5°C (Peppa)
📡 Tick 1506 | Max Temp: 40.5°C (Peppa)
📡 Tick 1507 | Max Temp: 40.5°C (Peppa)
📡 Tick 1508 | Max Temp: 40.5°C (Peppa)
📡 Tick 1509 | Max Temp: 40.5°C (Peppa)
📡 Tick 1510 | Max Temp: 40.5°C (Peppa)
📡 Tick 1511 | Max Temp: 40.5°C (Peppa)
📡 Tick 1512 | Max Temp: 40.5°C (Peppa)
📡 Tick 1513 | Max Temp: 40.5°C (Peppa)
📡 Tick 1514 | Max Temp: 40.5°C (Peppa)
📡 Tick 1515 | Max Temp: 40.5°C (Peppa)
📡 Tick 1516 | Max Temp: 40.5°C (Peppa)
📡 Tick 1517 | Max Temp: 40.5°C (Peppa)
📡 Tick 1518 | Max Temp: 40.5°C (Peppa)
📡 Tick 1519 | Max Temp: 40.5°C (Peppa)
📡 Tick 1520 | Max Temp: 40.5°C (Peppa)
📡 Tick 1521 | Max Temp: 40.5°C (Peppa)
📡 Tick 1522 | Max Temp: 40.5°C (Peppa)
📡 Tick 1523 | Max Temp: 40.5°C (Peppa)
📡 Tick 1524 | Max Temp: 40.5°C (Peppa)
📡 Tick 1525 | Max Temp: 40.5°C (Peppa)
📡 Tick 1526 | Max Temp: 40.5°C (Peppa)
📡 Tick 1527 | Max Temp: 40.5°C (Peppa)
📡 Tick 1528 | Max Temp: 40.5°C (Peppa)
📡 Tick 1529 | Max Temp: 40.5°C (Peppa)
📡 Tick 1530 | Max Temp: 40.5°C (Peppa)
📡 Tick 1531 | Max Temp: 40.5°C (Peppa)
📡 Tick 1532 | Max Temp: 40.5°C (Peppa)
📡 Tick 1533 | Max Temp: 40.5°C (Peppa)
📡 Tick 1534 | Max Temp: 40.5°C (Peppa)
📡 Tick 1535 | Max Temp: 40.5°C (Peppa)
📡 Tick 1536 | Max Temp: 40.5°C (Peppa)
📡 Tick 1537 | Max Temp: 40.5°C (Peppa)
📡 Tick 1538 | Max Temp: 40.5°C (Peppa)
📡 Tick 1539 | Max Temp: 40.5°C (Peppa)
📡 Tick 1540 | Max Temp: 40.5°C (Peppa)
📡 Tick 1541 | Max Temp: 40.5°C (Peppa)
📡 Tick 1542 | Max Temp: 40.5°C (Peppa)
📡 Tick 1543 | Max Temp: 40.5°C (Peppa)
📡 Tick 1544 | Max Temp: 40.5°C (Peppa)
📡 Tick 1545 | Max Temp: 40.5°C (Peppa)
📡 Tick 1546 | Max Temp: 40.5°C (Peppa)
📡 Tick 1547 | Max Temp: 40.5°C (Peppa)
📡 Tick 1548 | Max Temp: 40.5°C (Peppa)
📡 Tick 1549 | Max Temp: 40.5°C (Peppa)
📡 Tick 1550 | Max Temp: 40.5°C (Peppa)
📡 Tick 1551 | Max Temp: 40.5°C (Peppa)
📡 Tick 1552 | Max Temp: 40.5°C (Peppa)
📡 Tick 1553 | Max Temp: 40.5°C (Peppa)
📡 Tick 1554 | Max Temp: 40.5°C (Peppa)
📡 Tick 1555 | Max Temp: 40.5°C (Peppa)
📡 Tick 1556 | Max Temp: 40.5°C (Peppa)
📡 Tick 1557 | Max Temp: 40.5°C (Peppa)
📡 Tick 1558 | Max Temp: 40.5°C (Peppa)
📡 Tick 1559 | Max Temp: 40.5°C (Peppa)
📡 Tick 1560 | Max Temp: 40.5°C (Peppa)
📡 Tick 1561 | Max Temp: 40.5°C (Peppa)
📡 Tick 1562 | Max Temp: 40.5°C (Peppa)
📡 Tick 1563 | Max Temp: 40.5°C (Peppa)
📡 Tick 1564 | Max Temp: 40.5°C (Peppa)
📡 Tick 1565 | Max Temp: 40.5°C (Peppa)
📡 Tick 1566 | Max Temp: 40.5°C (Peppa)
📡 Tick 1567 | Max Temp: 40.5°C (Peppa)
📡 Tick 1568 | Max Temp: 40.5°C (Peppa)
📡 Tick 1569 | Max Temp: 40.5°C (Peppa)
📡 Tick 1570 | Max Temp: 40.5°C (Peppa)
📡 Tick 1571 | Max Temp: 40.5°C (Peppa)
📡 Tick 1572 | Max Temp: 40.5°C (Peppa)
📡 Tick 1573 | Max Temp: 40.5°C (Peppa)
📡 Tick 1574 | Max Temp: 40.5°C (Peppa)
📡 Tick 1575 | Max Temp: 40.5°C (Peppa)
📡 Tick 1576 | Max Temp: 40.5°C (Peppa)
📡 Tick 1577 | Max Temp: 40.5°C (Peppa)
📡 Tick 1578 | Max Temp: 40.5°C (Peppa)
📡 Tick 1579 | Max Temp: 40.5°C (Peppa)
📡 Tick 1580 | Max Temp: 40.5°C (Peppa)
📡 Tick 1581 | Max Temp: 40.5°C (Peppa)
📡 Tick 1582 | Max Temp: 40.5°C (Peppa)
📡 Tick 1583 | Max Temp: 40.5°C (Peppa)
📡 Tick 1584 | Max Temp: 40.5°C (Peppa)
📡 Tick 1585 | Max Temp: 40.5°C (Peppa)
📡 Tick 1586 | Max Temp: 40.5°C (Peppa)
📡 Tick 1587 | Max Temp: 40.5°C (Peppa)
📡 Tick 1588 | Max Temp: 40.5°C (Peppa)
📡 Tick 1589 | Max Temp: 40.5°C (Peppa)
📡 Tick 1590 | Max Temp: 40.5°C (Peppa)
📡 Tick 1591 | Max Temp: 40.5°C (Peppa)
📡 Tick 1592 | Max Temp: 40.5°C (Peppa)
📡 Tick 1593 | Max Temp: 40.5°C (Peppa)
📡 Tick 1594 | Max Temp: 40.5°C (Peppa)
📡 Tick 1595 | Max Temp: 40.5°C (Peppa)
📡 Tick 1596 | Max Temp: 40.5°C (Peppa)
📡 Tick 1597 | Max Temp: 40.5°C (Peppa)
📡 Tick 1598 | Max Temp: 40.5°C (Peppa)
📡 Tick 1599 | Max Temp: 40.5°C (Peppa)
📡 Tick 1600 | Max Temp: 40.5°C (Peppa)
📡 Tick 1601 | Max Temp: 40.5°C (Peppa)
📡 Tick 1602 | Max Temp: 40.5°C (Peppa)
📡 Tick 1603 | Max Temp: 40.5°C (Peppa)
📡 Tick 1604 | Max Temp: 40.5°C (Peppa)
📡 Tick 1605 | Max Temp: 40.5°C (Peppa)
📡 Tick 1606 | Max Temp: 40.5°C (Peppa)
📡 Tick 1607 | Max Temp: 40.5°C (Peppa)
📡 Tick 1608 | Max Temp: 40.5°C (Peppa)
📡 Tick 1609 | Max Temp: 40.5°C (Peppa)
📡 Tick 1610 | Max Temp: 40.5°C (Peppa)
📡 Tick 1611 | Max Temp: 40.5°C (Peppa)
📡 Tick 1612 | Max Temp: 40.5°C (Peppa)
📡 Tick 1613 | Max Temp: 40.5°C (Peppa)
📡 Tick 1614 | Max Temp: 40.5°C (Peppa)
📡 Tick 1615 | Max Temp: 40.5°C (Peppa)
📡 Tick 1616 | Max Temp: 40.5°C (Peppa)
📡 Tick 1617 | Max Temp: 40.5°C (Peppa)
📡 Tick 1618 | Max Temp: 40.5°C (Peppa)
📡 Tick 1619 | Max Temp: 40.5°C (Peppa)
📡 Tick 1620 | Max Temp: 40.5°C (Peppa)
📡 Tick 1621 | Max Temp: 40.5°C (Peppa)
📡 Tick 1622 | Max Temp: 40.5°C (Peppa)
📡 Tick 1623 | Max Temp: 40.5°C (Peppa)
📡 Tick 1624 | Max Temp: 40.5°C (Peppa)
📡 Tick 1625 | Max Temp: 40.5°C (Peppa)
📡 Tick 1626 | Max Temp: 40.5°C (Peppa)
📡 Tick 1627 | Max Temp: 40.5°C (Peppa)
📡 Tick 1628 | Max Temp: 40.5°C (Peppa)
📡 Tick 1629 | Max Temp: 40.5°C (Peppa)
📡 Tick 1630 | Max Temp: 40.5°C (Peppa)
📡 Tick 1631 | Max Temp: 40.5°C (Peppa)
📡 Tick 1632 | Max Temp: 40.5°C (Peppa)
📡 Tick 1633 | Max Temp: 40.5°C (Peppa)
📡 Tick 1634 | Max Temp: 40.5°C (Peppa)
📡 Tick 1635 | Max Temp: 40.5°C (Peppa)
📡 Tick 1636 | Max Temp: 40.5°C (Peppa)
📡 Tick 1637 | Max Temp: 40.5°C (Peppa)
📡 Tick 1638 | Max Temp: 40.5°C (Peppa)
📡 Tick 1639 | Max Temp: 40.5°C (Peppa)
📡 Tick 1640 | Max Temp: 40.5°C (Peppa)
📡 Tick 1641 | Max Temp: 40.5°C (Peppa)
📡 Tick 1642 | Max Temp: 40.5°C (Peppa)
📡 Tick 1643 | Max Temp: 40.5°C (Peppa)
📡 Tick 1644 | Max Temp: 40.5°C (Peppa)
📡 Tick 1645 | Max Temp: 40.5°C (Peppa)
📡 Tick 1646 | Max Temp: 40.5°C (Peppa)
📡 Tick 1647 | Max Temp: 40.5°C (Peppa)
📡 Tick 1648 | Max Temp: 40.5°C (Peppa)
📡 Tick 1649 | Max Temp: 40.5°C (Peppa)
📡 Tick 1650 | Max Temp: 40.5°C (Peppa)
📡 Tick 1651 | Max Temp: 40.5°C (Peppa)
📡 Tick 1652 | Max Temp: 40.5°C (Peppa)
📡 Tick 1653 | Max Temp: 40.5°C (Peppa)
📡 Tick 1654 | Max Temp: 40.5°C (Peppa)
📡 Tick 1655 | Max Temp: 40.5°C (Peppa)
📡 Tick 1656 | Max Temp: 40.5°C (Peppa)
📡 Tick 1657 | Max Temp: 40.5°C (Peppa)
📡 Tick 1658 | Max Temp: 40.5°C (Peppa)
📡 Tick 1659 | Max Temp: 40.5°C (Peppa)
📡 Tick 1660 | Max Temp: 40.5°C (Peppa)
📡 Tick 1661 | Max Temp: 40.5°C (Peppa)
📡 Tick 1662 | Max Temp: 40.5°C (Peppa)
📡 Tick 1663 | Max Temp: 40.5°C (Peppa)
📡 Tick 1664 | Max Temp: 40.5°C (Peppa)
📡 Tick 1665 | Max Temp: 40.5°C (Peppa)
📡 Tick 1666 | Max Temp: 40.5°C (Peppa)
📡 Tick 1667 | Max Temp: 40.5°C (Peppa)
📡 Tick 1668 | Max Temp: 40.5°C (Peppa)
📡 Tick 1669 | Max Temp: 40.5°C (Peppa)
📡 Tick 1670 | Max Temp: 40.5°C (Peppa)
📡 Tick 1671 | Max Temp: 40.5°C (Peppa)
📡 Tick 1672 | Max Temp: 40.5°C (Peppa)
📡 Tick 1673 | Max Temp: 40.5°C (Peppa)
📡 Tick 1674 | Max Temp: 40.5°C (Peppa)
📡 Tick 1675 | Max Temp: 40.5°C (Peppa)
📡 Tick 1676 | Max Temp: 40.5°C (Peppa)
📡 Tick 1677 | Max Temp: 40.5°C (Peppa)
📡 Tick 1678 | Max Temp: 40.5°C (Peppa)
📡 Tick 1679 | Max Temp: 40.5°C (Peppa)
📡 Tick 1680 | Max Temp: 40.5°C (Peppa)
📡 Tick 1681 | Max Temp: 40.5°C (Peppa)
📡 Tick 1682 | Max Temp: 40.5°C (Peppa)
📡 Tick 1683 | Max Temp: 40.5°C (Peppa)
📡 Tick 1684 | Max Temp: 40.5°C (Peppa)
📡 Tick 1685 | Max Temp: 40.5°C (Peppa)
📡 Tick 1686 | Max Temp: 40.5°C (Peppa)
📡 Tick 1687 | Max Temp: 40.5°C (Peppa)
📡 Tick 1688 | Max Temp: 40.5°C (Peppa)
📡 Tick 1689 | Max Temp: 40.5°C (Peppa)
📡 Tick 1690 | Max Temp: 40.5°C (Peppa)
📡 Tick 1691 | Max Temp: 40.5°C (Peppa)
📡 Tick 1692 | Max Temp: 40.5°C (Peppa)
📡 Tick 1693 | Max Temp: 40.5°C (Peppa)
📡 Tick 1694 | Max Temp: 40.5°C (Peppa)
📡 Tick 1695 | Max Temp: 40.5°C (Peppa)
📡 Tick 1696 | Max Temp: 40.5°C (Peppa)
📡 Tick 1697 | Max Temp: 40.5°C (Peppa)
📡 Tick 1698 | Max Temp: 40.5°C (Peppa)
📡 Tick 1699 | Max Temp: 40.5°C (Peppa)
📡 Tick 1700 | Max Temp: 40.5°C (Peppa)
📡 Tick 1701 | Max Temp: 40.5°C (Peppa)
📡 Tick 1702 | Max Temp: 40.5°C (Peppa)
📡 Tick 1703 | Max Temp: 40.5°C (Peppa)
📡 Tick 1704 | Max Temp: 40.5°C (Peppa)
📡 Tick 1705 | Max Temp: 40.5°C (Peppa)
📡 Tick 1706 | Max Temp: 40.5°C (Peppa)
📡 Tick 1707 | Max Temp: 40.5°C (Peppa)
📡 Tick 1708 | Max Temp: 40.5°C (Peppa)
📡 Tick 1709 | Max Temp: 40.5°C (Peppa)
📡 Tick 1710 | Max Temp: 40.5°C (Peppa)
📡 Tick 1711 | Max Temp: 40.5°C (Peppa)
📡 Tick 1712 | Max Temp: 40.5°C (Peppa)
📡 Tick 1713 | Max Temp: 40.5°C (Peppa)
📡 Tick 1714 | Max Temp: 40.5°C (Peppa)
📡 Tick 1715 | Max Temp: 40.5°C (Peppa)
📡 Tick 1716 | Max Temp: 40.5°C (Peppa)
📡 Tick 1717 | Max Temp: 40.5°C (Peppa)
📡 Tick 1718 | Max Temp: 40.5°C (Peppa)
📡 Tick 1719 | Max Temp: 40.5°C (Peppa)
📡 Tick 1720 | Max Temp: 40.5°C (Peppa)
📡 Tick 1721 | Max Temp: 40.5°C (Peppa)
📡 Tick 1722 | Max Temp: 40.5°C (Peppa)
📡 Tick 1723 | Max Temp: 40.5°C (Peppa)
📡 Tick 1724 | Max Temp: 40.5°C (Peppa)
📡 Tick 1725 | Max Temp: 40.5°C (Peppa)
📡 Tick 1726 | Max Temp: 40.5°C (Peppa)
📡 Tick 1727 | Max Temp: 40.5°C (Peppa)
📡 Tick 1728 | Max Temp: 40.5°C (Peppa)
📡 Tick 1729 | Max Temp: 40.5°C (Peppa)
📡 Tick 1730 | Max Temp: 40.5°C (Peppa)
📡 Tick 1731 | Max Temp: 40.5°C (Peppa)
📡 Tick 1732 | Max Temp: 40.5°C (Peppa)
📡 Tick 1733 | Max Temp: 40.5°C (Peppa)
📡 Tick 1734 | Max Temp: 40.5°C (Peppa)
📡 Tick 1735 | Max Temp: 40.5°C (Peppa)
📡 Tick 1736 | Max Temp: 40.5°C (Peppa)
📡 Tick 1737 | Max Temp: 40.5°C (Peppa)
📡 Tick 1738 | Max Temp: 40.5°C (Peppa)
📡 Tick 1739 | Max Temp: 40.5°C (Peppa)
📡 Tick 1740 | Max Temp: 40.5°C (Peppa)
📡 Tick 1741 | Max Temp: 40.5°C (Peppa)
📡 Tick 1742 | Max Temp: 40.5°C (Peppa)
📡 Tick 1743 | Max Temp: 40.5°C (Peppa)
📡 Tick 1744 | Max Temp: 40.5°C (Peppa)
📡 Tick 1745 | Max Temp: 40.5°C (Peppa)
📡 Tick 1746 | Max Temp: 40.5°C (Peppa)
📡 Tick 1747 | Max Temp: 40.5°C (Peppa)
📡 Tick 1748 | Max Temp: 40.5°C (Peppa)
📡 Tick 1749 | Max Temp: 40.5°C (Peppa)
📡 Tick 1750 | Max Temp: 40.5°C (Peppa)
📡 Tick 1751 | Max Temp: 40.5°C (Peppa)
📡 Tick 1752 | Max Temp: 40.5°C (Peppa)
📡 Tick 1753 | Max Temp: 40.5°C (Peppa)
📡 Tick 1754 | Max Temp: 40.5°C (Peppa)
📡 Tick 1755 | Max Temp: 40.5°C (Peppa)
📡 Tick 1756 | Max Temp: 40.5°C (Peppa)
📡 Tick 1757 | Max Temp: 40.5°C (Peppa)
📡 Tick 1758 | Max Temp: 40.5°C (Peppa)
📡 Tick 1759 | Max Temp: 40.5°C (Peppa)
📡 Tick 1760 | Max Temp: 40.5°C (Peppa)
📡 Tick 1761 | Max Temp: 40.5°C (Peppa)
📡 Tick 1762 | Max Temp: 40.5°C (Peppa)
📡 Tick 1763 | Max Temp: 40.5°C (Peppa)
📡 Tick 1764 | Max Temp: 40.5°C (Peppa)
📡 Tick 1765 | Max Temp: 40.5°C (Peppa)
📡 Tick 1766 | Max Temp: 40.5°C (Peppa)
📡 Tick 1767 | Max Temp: 40.5°C (Peppa)
📡 Tick 1768 | Max Temp: 40.5°C (Peppa)
📡 Tick 1769 | Max Temp: 40.5°C (Peppa)
📡 Tick 1770 | Max Temp: 40.5°C (Peppa)
📡 Tick 1771 | Max Temp: 40.5°C (Peppa)
📡 Tick 1772 | Max Temp: 40.5°C (Peppa)
📡 Tick 1773 | Max Temp: 40.5°C (Peppa)
📡 Tick 1774 | Max Temp: 40.5°C (Peppa)
📡 Tick 1775 | Max Temp: 40.5°C (Peppa)
📡 Tick 1776 | Max Temp: 40.5°C (Peppa)
📡 Tick 1777 | Max Temp: 40.5°C (Peppa)
📡 Tick 1778 | Max Temp: 40.5°C (Peppa)
📡 Tick 1779 | Max Temp: 40.5°C (Peppa)
📡 Tick 1780 | Max Temp: 40.5°C (Peppa)
📡 Tick 1781 | Max Temp: 40.5°C (Peppa)
📡 Tick 1782 | Max Temp: 40.5°C (Peppa)
📡 Tick 1783 | Max Temp: 40.5°C (Peppa)
📡 Tick 1784 | Max Temp: 40.5°C (Peppa)
📡 Tick 1785 | Max Temp: 40.5°C (Peppa)
📡 Tick 1786 | Max Temp: 40.5°C (Peppa)
📡 Tick 1787 | Max Temp: 40.5°C (Peppa)
📡 Tick 1788 | Max Temp: 40.5°C (Peppa)
📡 Tick 1789 | Max Temp: 40.5°C (Peppa)
📡 Tick 1790 | Max Temp: 40.5°C (Peppa)
📡 Tick 1791 | Max Temp: 40.5°C (Peppa)
📡 Tick 1792 | Max Temp: 40.5°C (Peppa)
📡 Tick 1793 | Max Temp: 40.5°C (Peppa)
📡 Tick 1794 | Max Temp: 40.5°C (Peppa)
📡 Tick 1795 | Max Temp: 40.5°C (Peppa)
📡 Tick 1796 | Max Temp: 40.5°C (Peppa)
📡 Tick 1797 | Max Temp: 40.5°C (Peppa)
📡 Tick 1798 | Max Temp: 40.5°C (Peppa)
📡 Tick 1799 | Max Temp: 40.5°C (Peppa)
📡 Tick 1800 | Max Temp: 40.5°C (Peppa)
📡 Tick 1801 | Max Temp: 40.5°C (Peppa)
📡 Tick 1802 | Max Temp: 40.5°C (Peppa)
📡 Tick 1803 | Max Temp: 40.5°C (Peppa)
📡 Tick 1804 | Max Temp: 40.5°C (Peppa)
📡 Tick 1805 | Max Temp: 40.5°C (Peppa)
📡 Tick 1806 | Max Temp: 40.5°C (Peppa)
📡 Tick 1807 | Max Temp: 40.5°C (Peppa)
📡 Tick 1808 | Max Temp: 40.5°C (Peppa)
📡 Tick 1809 | Max Temp: 40.5°C (Peppa)
📡 Tick 1810 | Max Temp: 40.5°C (Peppa)
📡 Tick 1811 | Max Temp: 40.5°C (Peppa)
📡 Tick 1812 | Max Temp: 40.5°C (Peppa)
📡 Tick 1813 | Max Temp: 40.5°C (Peppa)
📡 Tick 1814 | Max Temp: 40.5°C (Peppa)
📡 Tick 1815 | Max Temp: 40.5°C (Peppa)
📡 Tick 1816 | Max Temp: 40.5°C (Peppa)
📡 Tick 1817 | Max Temp: 40.5°C (Peppa)
📡 Tick 1818 | Max Temp: 40.5°C (Peppa)
📡 Tick 1819 | Max Temp: 40.5°C (Peppa)
📡 Tick 1820 | Max Temp: 40.5°C (Peppa)
📡 Tick 1821 | Max Temp: 40.5°C (Peppa)
📡 Tick 1822 | Max Temp: 40.5°C (Peppa)
📡 Tick 1823 | Max Temp: 40.5°C (Peppa)
📡 Tick 1824 | Max Temp: 40.5°C (Peppa)
📡 Tick 1825 | Max Temp: 40.5°C (Peppa)
📡 Tick 1826 | Max Temp: 40.5°C (Peppa)
📡 Tick 1827 | Max Temp: 40.5°C (Peppa)
📡 Tick 1828 | Max Temp: 40.5°C (Peppa)
📡 Tick 1829 | Max Temp: 40.5°C (Peppa)
📡 Tick 1830 | Max Temp: 40.5°C (Peppa)
📡 Tick 1831 | Max Temp: 40.5°C (Peppa)
📡 Tick 1832 | Max Temp: 40.5°C (Peppa)
📡 Tick 1833 | Max Temp: 40.5°C (Peppa)
📡 Tick 1834 | Max Temp: 40.5°C (Peppa)
📡 Tick 1835 | Max Temp: 40.5°C (Peppa)
📡 Tick 1836 | Max Temp: 40.5°C (Peppa)
📡 Tick 1837 | Max Temp: 40.5°C (Peppa)
📡 Tick 1838 | Max Temp: 40.5°C (Peppa)
📡 Tick 1839 | Max Temp: 40.5°C (Peppa)
📡 Tick 1840 | Max Temp: 40.5°C (Peppa)
📡 Tick 1841 | Max Temp: 40.5°C (Peppa)
📡 Tick 1842 | Max Temp: 40.5°C (Peppa)
📡 Tick 1843 | Max Temp: 40.5°C (Peppa)
📡 Tick 1844 | Max Temp: 40.5°C (Peppa)
📡 Tick 1845 | Max Temp: 40.5°C (Peppa)
📡 Tick 1846 | Max Temp: 40.5°C (Peppa)
📡 Tick 1847 | Max Temp: 40.5°C (Peppa)
📡 Tick 1848 | Max Temp: 40.5°C (Peppa)
📡 Tick 1849 | Max Temp: 40.5°C (Peppa)
📡 Tick 1850 | Max Temp: 40.5°C (Peppa)
📡 Tick 1851 | Max Temp: 40.5°C (Peppa)
📡 Tick 1852 | Max Temp: 40.5°C (Peppa)
📡 Tick 1853 | Max Temp: 40.5°C (Peppa)
📡 Tick 1854 | Max Temp: 40.5°C (Peppa)
📡 Tick 1855 | Max Temp: 40.5°C (Peppa)
📡 Tick 1856 | Max Temp: 40.5°C (Peppa)
📡 Tick 1857 | Max Temp: 40.5°C (Peppa)
📡 Tick 1858 | Max Temp: 40.5°C (Peppa)
📡 Tick 1859 | Max Temp: 40.5°C (Peppa)
📡 Tick 1860 | Max Temp: 40.5°C (Peppa)
📡 Tick 1861 | Max Temp: 40.5°C (Peppa)
📡 Tick 1862 | Max Temp: 40.5°C (Peppa)
📡 Tick 1863 | Max Temp: 40.5°C (Peppa)
📡 Tick 1864 | Max Temp: 40.5°C (Peppa)
📡 Tick 1865 | Max Temp: 40.5°C (Peppa)
📡 Tick 1866 | Max Temp: 40.5°C (Peppa)
📡 Tick 1867 | Max Temp: 40.5°C (Peppa)
📡 Tick 1868 | Max Temp: 40.5°C (Peppa)
📡 Tick 1869 | Max Temp: 40.5°C (Peppa)
📡 Tick 1870 | Max Temp: 40.5°C (Peppa)
📡 Tick 1871 | Max Temp: 40.5°C (Peppa)
📡 Tick 1872 | Max Temp: 40.5°C (Peppa)
📡 Tick 1873 | Max Temp: 40.5°C (Peppa)
📡 Tick 1874 | Max Temp: 40.5°C (Peppa)
📡 Tick 1875 | Max Temp: 40.5°C (Peppa)
📡 Tick 1876 | Max Temp: 40.5°C (Peppa)
📡 Tick 1877 | Max Temp: 40.5°C (Peppa)
📡 Tick 1878 | Max Temp: 40.5°C (Peppa)
📡 Tick 1879 | Max Temp: 40.5°C (Peppa)
📡 Tick 1880 | Max Temp: 40.5°C (Peppa)
📡 Tick 1881 | Max Temp: 40.5°C (Peppa)
📡 Tick 1882 | Max Temp: 40.5°C (Peppa)
📡 Tick 1883 | Max Temp: 40.5°C (Peppa)
📡 Tick 1884 | Max Temp: 40.5°C (Peppa)
📡 Tick 1885 | Max Temp: 40.5°C (Peppa)
📡 Tick 1886 | Max Temp: 40.5°C (Peppa)
📡 Tick 1887 | Max Temp: 40.5°C (Peppa)
📡 Tick 1888 | Max Temp: 40.5°C (Peppa)
📡 Tick 1889 | Max Temp: 40.5°C (Peppa)
📡 Tick 1890 | Max Temp: 40.5°C (Peppa)
📡 Tick 1891 | Max Temp: 40.5°C (Peppa)
📡 Tick 1892 | Max Temp: 40.5°C (Peppa)
📡 Tick 1893 | Max Temp: 40.5°C (Peppa)
📡 Tick 1894 | Max Temp: 40.5°C (Peppa)
📡 Tick 1895 | Max Temp: 40.5°C (Peppa)
📡 Tick 1896 | Max Temp: 40.5°C (Peppa)
📡 Tick 1897 | Max Temp: 40.5°C (Peppa)
📡 Tick 1898 | Max Temp: 40.5°C (Peppa)
📡 Tick 1899 | Max Temp: 40.5°C (Peppa)
📡 Tick 1900 | Max Temp: 40.5°C (Peppa)
📡 Tick 1901 | Max Temp: 40.5°C (Peppa)
📡 Tick 1902 | Max Temp: 40.5°C (Peppa)
📡 Tick 1903 | Max Temp: 40.5°C (Peppa)
📡 Tick 1904 | Max Temp: 40.5°C (Peppa)
📡 Tick 1905 | Max Temp: 40.5°C (Peppa)
📡 Tick 1906 | Max Temp: 40.5°C (Peppa)
📡 Tick 1907 | Max Temp: 40.5°C (Peppa)
📡 Tick 1908 | Max Temp: 40.5°C (Peppa)
📡 Tick 1909 | Max Temp: 40.5°C (Peppa)
📡 Tick 1910 | Max Temp: 40.5°C (Peppa)
📡 Tick 1911 | Max Temp: 40.5°C (Peppa)
📡 Tick 1912 | Max Temp: 40.5°C (Peppa)
📡 Tick 1913 | Max Temp: 40.5°C (Peppa)
📡 Tick 1914 | Max Temp: 40.5°C (Peppa)
📡 Tick 1915 | Max Temp: 40.5°C (Peppa)
📡 Tick 1916 | Max Temp: 40.5°C (Peppa)
📡 Tick 1917 | Max Temp: 40.5°C (Peppa)
📡 Tick 1918 | Max Temp: 40.5°C (Peppa)
📡 Tick 1919 | Max Temp: 40.5°C (Peppa)
📡 Tick 1920 | Max Temp: 40.5°C (Peppa)
📡 Tick 1921 | Max Temp: 40.5°C (Peppa)
📡 Tick 1922 | Max Temp: 40.5°C (Peppa)
📡 Tick 1923 | Max Temp: 40.5°C (Peppa)
📡 Tick 1924 | Max Temp: 40.5°C (Peppa)
📡 Tick 1925 | Max Temp: 40.5°C (Peppa)
📡 Tick 1926 | Max Temp: 40.5°C (Peppa)
📡 Tick 1927 | Max Temp: 40.5°C (Peppa)
📡 Tick 1928 | Max Temp: 40.5°C (Peppa)
📡 Tick 1929 | Max Temp: 40.5°C (Peppa)
📡 Tick 1930 | Max Temp: 40.5°C (Peppa)
📡 Tick 1931 | Max Temp: 40.5°C (Peppa)
📡 Tick 1932 | Max Temp: 40.5°C (Peppa)
📡 Tick 1933 | Max Temp: 40.5°C (Peppa)
📡 Tick 1934 | Max Temp: 40.5°C (Peppa)
📡 Tick 1935 | Max Temp: 40.5°C (Peppa)
📡 Tick 1936 | Max Temp: 40.5°C (Peppa)
📡 Tick 1937 | Max Temp: 40.5°C (Peppa)
📡 Tick 1938 | Max Temp: 40.5°C (Peppa)
📡 Tick 1939 | Max Temp: 40.5°C (Peppa)
📡 Tick 1940 | Max Temp: 40.5°C (Peppa)
📡 Tick 1941 | Max Temp: 40.5°C (Peppa)
📡 Tick 1942 | Max Temp: 40.5°C (Peppa)
📡 Tick 1943 | Max Temp: 40.5°C (Peppa)
📡 Tick 1944 | Max Temp: 40.5°C (Peppa)
📡 Tick 1945 | Max Temp: 40.5°C (Peppa)
📡 Tick 1946 | Max Temp: 40.5°C (Peppa)
📡 Tick 1947 | Max Temp: 40.5°C (Peppa)
📡 Tick 1948 | Max Temp: 40.5°C (Peppa)
📡 Tick 1949 | Max Temp: 40.5°C (Peppa)
📡 Tick 1950 | Max Temp: 40.5°C (Peppa)
📡 Tick 1951 | Max Temp: 40.5°C (Peppa)
📡 Tick 1952 | Max Temp: 40.5°C (Peppa)
📡 Tick 1953 | Max Temp: 40.5°C (Peppa)
📡 Tick 1954 | Max Temp: 40.5°C (Peppa)
📡 Tick 1955 | Max Temp: 40.5°C (Peppa)
📡 Tick 1956 | Max Temp: 40.5°C (Peppa)
📡 Tick 1957 | Max Temp: 40.5°C (Peppa)
📡 Tick 1958 | Max Temp: 40.5°C (Peppa)
📡 Tick 1959 | Max Temp: 40.5°C (Peppa)
📡 Tick 1960 | Max Temp: 40.5°C (Peppa)
📡 Tick 1961 | Max Temp: 40.5°C (Peppa)
📡 Tick 1962 | Max Temp: 40.5°C (Peppa)
📡 Tick 1963 | Max Temp: 40.5°C (Peppa)
📡 Tick 1964 | Max Temp: 40.5°C (Peppa)
📡 Tick 1965 | Max Temp: 40.5°C (Peppa)
📡 Tick 1966 | Max Temp: 40.5°C (Peppa)
📡 Tick 1967 | Max Temp: 40.5°C (Peppa)
📡 Tick 1968 | Max Temp: 40.5°C (Peppa)
📡 Tick 1969 | Max Temp: 40.5°C (Peppa)
📡 Tick 1970 | Max Temp: 40.5°C (Peppa)
📡 Tick 1971 | Max Temp: 40.5°C (Peppa)
📡 Tick 1972 | Max Temp: 40.5°C (Peppa)
📡 Tick 1973 | Max Temp: 40.5°C (Peppa)
📡 Tick 1974 | Max Temp: 40.5°C (Peppa)
📡 Tick 1975 | Max Temp: 40.5°C (Peppa)
📡 Tick 1976 | Max Temp: 40.5°C (Peppa)
📡 Tick 1977 | Max Temp: 40.5°C (Peppa)
📡 Tick 1978 | Max Temp: 40.5°C (Peppa)
📡 Tick 1979 | Max Temp: 40.5°C (Peppa)
📡 Tick 1980 | Max Temp: 40.5°C (Peppa)
📡 Tick 1981 | Max Temp: 40.5°C (Peppa)
📡 Tick 1982 | Max Temp: 40.5°C (Peppa)
📡 Tick 1983 | Max Temp: 40.5°C (Peppa)
📡 Tick 1984 | Max Temp: 40.5°C (Peppa)
📡 Tick 1985 | Max Temp: 40.5°C (Peppa)
📡 Tick 1986 | Max Temp: 40.5°C (Peppa)
📡 Tick 1987 | Max Temp: 40.5°C (Peppa)
📡 Tick 1988 | Max Temp: 40.5°C (Peppa)
📡 Tick 1989 | Max Temp: 40.5°C (Peppa)
📡 Tick 1990 | Max Temp: 40.5°C (Peppa)
📡 Tick 1991 | Max Temp: 40.5°C (Peppa)
📡 Tick 1992 | Max Temp: 40.5°C (Peppa)
📡 Tick 1993 | Max Temp: 40.5°C (Peppa)
📡 Tick 1994 | Max Temp: 40.5°C (Peppa)
📡 Tick 1995 | Max Temp: 40.5°C (Peppa)
📡 Tick 1996 | Max Temp: 40.5°C (Peppa)
📡 Tick 1997 | Max Temp: 40.5°C (Peppa)
📡 Tick 1998 | Max Temp: 40.5°C (Peppa)
📡 Tick 1999 | Max Temp: 40.5°C (Peppa)
📡 Tick 2000 | Max Temp: 40.5°C (Peppa)
📡 Tick 2001 | Max Temp: 40.5°C (Peppa)
📡 Tick 2002 | Max Temp: 40.5°C (Peppa)
📡 Tick 2003 | Max Temp: 40.5°C (Peppa)
📡 Tick 2004 | Max Temp: 40.5°C (Peppa)
📡 Tick 2005 | Max Temp: 40.5°C (Peppa)
📡 Tick 2006 | Max Temp: 40.5°C (Peppa)
📡 Tick 2007 | Max Temp: 40.5°C (Peppa)
📡 Tick 2008 | Max Temp: 40.5°C (Peppa)
📡 Tick 2009 | Max Temp: 40.5°C (Peppa)
📡 Tick 2010 | Max Temp: 40.5°C (Peppa)
📡 Tick 2011 | Max Temp: 40.5°C (Peppa)
📡 Tick 2012 | Max Temp: 40.5°C (Peppa)
📡 Tick 2013 | Max Temp: 40.5°C (Peppa)
📡 Tick 2014 | Max Temp: 40.5°C (Peppa)
📡 Tick 2015 | Max Temp: 40.5°C (Peppa)
📡 Tick 2016 | Max Temp: 40.5°C (Peppa)
📡 Tick 2017 | Max Temp: 40.5°C (Peppa)
📡 Tick 2018 | Max Temp: 40.5°C (Peppa)
📡 Tick 2019 | Max Temp: 40.5°C (Peppa)
📡 Tick 2020 | Max Temp: 40.5°C (Peppa)
📡 Tick 2021 | Max Temp: 40.5°C (Peppa)
📡 Tick 2022 | Max Temp: 40.5°C (Peppa)
📡 Tick 2023 | Max Temp: 40.5°C (Peppa)
📡 Tick 2024 | Max Temp: 40.5°C (Peppa)
📡 Tick 2025 | Max Temp: 40.5°C (Peppa)
📡 Tick 2026 | Max Temp: 40.5°C (Peppa)
📡 Tick 2027 | Max Temp: 40.5°C (Peppa)
📡 Tick 2028 | Max Temp: 40.5°C (Peppa)
📡 Tick 2029 | Max Temp: 40.5°C (Peppa)
📡 Tick 2030 | Max Temp: 40.5°C (Peppa)
📡 Tick 2031 | Max Temp: 40.5°C (Peppa)
📡 Tick 2032 | Max Temp: 40.5°C (Peppa)
📡 Tick 2033 | Max Temp: 40.5°C (Peppa)
📡 Tick 2034 | Max Temp: 40.5°C (Peppa)
📡 Tick 2035 | Max Temp: 40.5°C (Peppa)
📡 Tick 2036 | Max Temp: 40.5°C (Peppa)
📡 Tick 2037 | Max Temp: 40.5°C (Peppa)
📡 Tick 2038 | Max Temp: 40.5°C (Peppa)
📡 Tick 2039 | Max Temp: 40.5°C (Peppa)
📡 Tick 2040 | Max Temp: 40.5°C (Peppa)
📡 Tick 2041 | Max Temp: 40.5°C (Peppa)
📡 Tick 2042 | Max Temp: 40.5°C (Peppa)
📡 Tick 2043 | Max Temp: 40.5°C (Peppa)
📡 Tick 2044 | Max Temp: 40.5°C (Peppa)
📡 Tick 2045 | Max Temp: 40.5°C (Peppa)
📡 Tick 2046 | Max Temp: 40.5°C (Peppa)
📡 Tick 2047 | Max Temp: 40.5°C (Peppa)
📡 Tick 2048 | Max Temp: 40.5°C (Peppa)
📡 Tick 2049 | Max Temp: 40.5°C (Peppa)
📡 Tick 2050 | Max Temp: 40.5°C (Peppa)
📡 Tick 2051 | Max Temp: 40.5°C (Peppa)
📡 Tick 2052 | Max Temp: 40.5°C (Peppa)
📡 Tick 2053 | Max Temp: 40.5°C (Peppa)
📡 Tick 2054 | Max Temp: 40.5°C (Peppa)
📡 Tick 2055 | Max Temp: 40.5°C (Peppa)
📡 Tick 2056 | Max Temp: 40.5°C (Peppa)
📡 Tick 2057 | Max Temp: 40.5°C (Peppa)
📡 Tick 2058 | Max Temp: 40.5°C (Peppa)
📡 Tick 2059 | Max Temp: 40.5°C (Peppa)
📡 Tick 2060 | Max Temp: 40.5°C (Peppa)
📡 Tick 2061 | Max Temp: 40.5°C (Peppa)
📡 Tick 2062 | Max Temp: 40.5°C (Peppa)
📡 Tick 2063 | Max Temp: 40.5°C (Peppa)
📡 Tick 2064 | Max Temp: 40.5°C (Peppa)
📡 Tick 2065 | Max Temp: 40.5°C (Peppa)
📡 Tick 2066 | Max Temp: 40.5°C (Peppa)
📡 Tick 2067 | Max Temp: 40.5°C (Peppa)
📡 Tick 2068 | Max Temp: 40.5°C (Peppa)
📡 Tick 2069 | Max Temp: 40.5°C (Peppa)
📡 Tick 2070 | Max Temp: 40.5°C (Peppa)
📡 Tick 2071 | Max Temp: 40.5°C (Peppa)
📡 Tick 2072 | Max Temp: 40.5°C (Peppa)
📡 Tick 2073 | Max Temp: 40.5°C (Peppa)
📡 Tick 2074 | Max Temp: 40.5°C (Peppa)
📡 Tick 2075 | Max Temp: 40.5°C (Peppa)
📡 Tick 2076 | Max Temp: 40.5°C (Peppa)
📡 Tick 2077 | Max Temp: 40.5°C (Peppa)
📡 Tick 2078 | Max Temp: 40.5°C (Peppa)
📡 Tick 2079 | Max Temp: 40.5°C (Peppa)
📡 Tick 2080 | Max Temp: 40.5°C (Peppa)
📡 Tick 2081 | Max Temp: 40.5°C (Peppa)
📡 Tick 2082 | Max Temp: 40.5°C (Peppa)
📡 Tick 2083 | Max Temp: 40.5°C (Peppa)
📡 Tick 2084 | Max Temp: 40.5°C (Peppa)
📡 Tick 2085 | Max Temp: 40.5°C (Peppa)
📡 Tick 2086 | Max Temp: 40.5°C (Peppa)
📡 Tick 2087 | Max Temp: 40.5°C (Peppa)
📡 Tick 2088 | Max Temp: 40.5°C (Peppa)
📡 Tick 2089 | Max Temp: 40.5°C (Peppa)
📡 Tick 2090 | Max Temp: 40.5°C (Peppa)
📡 Tick 2091 | Max Temp: 40.5°C (Peppa)
📡 Tick 2092 | Max Temp: 40.5°C (Peppa)
📡 Tick 2093 | Max Temp: 40.5°C (Peppa)
📡 Tick 2094 | Max Temp: 40.5°C (Peppa)
📡 Tick 2095 | Max Temp: 40.5°C (Peppa)
📡 Tick 2096 | Max Temp: 40.5°C (Peppa)
📡 Tick 2097 | Max Temp: 40.5°C (Peppa)
📡 Tick 2098 | Max Temp: 40.5°C (Peppa)
📡 Tick 2099 | Max Temp: 40.5°C (Peppa)
📡 Tick 2100 | Max Temp: 40.5°C (Peppa)
📡 Tick 2101 | Max Temp: 40.5°C (Peppa)
📡 Tick 2102 | Max Temp: 40.5°C (Peppa)
📡 Tick 2103 | Max Temp: 40.5°C (Peppa)
📡 Tick 2104 | Max Temp: 40.5°C (Peppa)
📡 Tick 2105 | Max Temp: 40.5°C (Peppa)
📡 Tick 2106 | Max Temp: 40.5°C (Peppa)
📡 Tick 2107 | Max Temp: 40.5°C (Peppa)
📡 Tick 2108 | Max Temp: 40.5°C (Peppa)
📡 Tick 2109 | Max Temp: 40.5°C (Peppa)
📡 Tick 2110 | Max Temp: 40.5°C (Peppa)
📡 Tick 2111 | Max Temp: 40.5°C (Peppa)
📡 Tick 2112 | Max Temp: 40.5°C (Peppa)
📡 Tick 2113 | Max Temp: 40.5°C (Peppa)
📡 Tick 2114 | Max Temp: 40.5°C (Peppa)
📡 Tick 2115 | Max Temp: 40.5°C (Peppa)
📡 Tick 2116 | Max Temp: 40.5°C (Peppa)
📡 Tick 2117 | Max Temp: 40.5°C (Peppa)
📡 Tick 2118 | Max Temp: 40.5°C (Peppa)
📡 Tick 2119 | Max Temp: 40.5°C (Peppa)
📡 Tick 2120 | Max Temp: 40.5°C (Peppa)
📡 Tick 2121 | Max Temp: 40.5°C (Peppa)
📡 Tick 2122 | Max Temp: 40.5°C (Peppa)
📡 Tick 2123 | Max Temp: 40.5°C (Peppa)
📡 Tick 2124 | Max Temp: 40.5°C (Peppa)
📡 Tick 2125 | Max Temp: 40.5°C (Peppa)
📡 Tick 2126 | Max Temp: 40.5°C (Peppa)
📡 Tick 2127 | Max Temp: 40.5°C (Peppa)
📡 Tick 2128 | Max Temp: 40.5°C (Peppa)
📡 Tick 2129 | Max Temp: 40.5°C (Peppa)
📡 Tick 2130 | Max Temp: 40.5°C (Peppa)
📡 Tick 2131 | Max Temp: 40.5°C (Peppa)
📡 Tick 2132 | Max Temp: 40.5°C (Peppa)
📡 Tick 2133 | Max Temp: 40.5°C (Peppa)
📡 Tick 2134 | Max Temp: 40.5°C (Peppa)
📡 Tick 2135 | Max Temp: 40.5°C (Peppa)
📡 Tick 2136 | Max Temp: 40.5°C (Peppa)
📡 Tick 2137 | Max Temp: 40.5°C (Peppa)
📡 Tick 2138 | Max Temp: 40.5°C (Peppa)
📡 Tick 2139 | Max Temp: 40.5°C (Peppa)
📡 Tick 2140 | Max Temp: 40.5°C (Peppa)
📡 Tick 2141 | Max Temp: 40.5°C (Peppa)
📡 Tick 2142 | Max Temp: 40.5°C (Peppa)
📡 Tick 2143 | Max Temp: 40.5°C (Peppa)
📡 Tick 2144 | Max Temp: 40.5°C (Peppa)
📡 Tick 2145 | Max Temp: 40.5°C (Peppa)
📡 Tick 2146 | Max Temp: 40.5°C (Peppa)
📡 Tick 2147 | Max Temp: 40.5°C (Peppa)
📡 Tick 2148 | Max Temp: 40.5°C (Peppa)
📡 Tick 2149 | Max Temp: 40.5°C (Peppa)
📡 Tick 2150 | Max Temp: 40.5°C (Peppa)
📡 Tick 2151 | Max Temp: 40.5°C (Peppa)
📡 Tick 2152 | Max Temp: 40.5°C (Peppa)
📡 Tick 2153 | Max Temp: 40.5°C (Peppa)
📡 Tick 2154 | Max Temp: 40.5°C (Peppa)
📡 Tick 2155 | Max Temp: 40.5°C (Peppa)
📡 Tick 2156 | Max Temp: 40.5°C (Peppa)
📡 Tick 2157 | Max Temp: 40.5°C (Peppa)
📡 Tick 2158 | Max Temp: 40.5°C (Peppa)
📡 Tick 2159 | Max Temp: 40.5°C (Peppa)
📡 Tick 2160 | Max Temp: 40.5°C (Peppa)
📡 Tick 2161 | Max Temp: 40.5°C (Peppa)
📡 Tick 2162 | Max Temp: 40.5°C (Peppa)
📡 Tick 2163 | Max Temp: 40.5°C (Peppa)
📡 Tick 2164 | Max Temp: 40.5°C (Peppa)
📡 Tick 2165 | Max Temp: 40.5°C (Peppa)
📡 Tick 2166 | Max Temp: 40.5°C (Peppa)
📡 Tick 2167 | Max Temp: 40.5°C (Peppa)
📡 Tick 2168 | Max Temp: 40.5°C (Peppa)
📡 Tick 2169 | Max Temp: 40.5°C (Peppa)
📡 Tick 2170 | Max Temp: 40.5°C (Peppa)
📡 Tick 2171 | Max Temp: 40.5°C (Peppa)
📡 Tick 2172 | Max Temp: 40.5°C (Peppa)
📡 Tick 2173 | Max Temp: 40.5°C (Peppa)
📡 Tick 2174 | Max Temp: 40.5°C (Peppa)
📡 Tick 2175 | Max Temp: 40.5°C (Peppa)
📡 Tick 2176 | Max Temp: 40.5°C (Peppa)
📡 Tick 2177 | Max Temp: 40.5°C (Peppa)
📡 Tick 2178 | Max Temp: 40.5°C (Peppa)
📡 Tick 2179 | Max Temp: 40.5°C (Peppa)
📡 Tick 2180 | Max Temp: 40.5°C (Peppa)
📡 Tick 2181 | Max Temp: 40.5°C (Peppa)
📡 Tick 2182 | Max Temp: 40.5°C (Peppa)
📡 Tick 2183 | Max Temp: 40.5°C (Peppa)
📡 Tick 2184 | Max Temp: 40.5°C (Peppa)
📡 Tick 2185 | Max Temp: 40.5°C (Peppa)
📡 Tick 2186 | Max Temp: 40.5°C (Peppa)
📡 Tick 2187 | Max Temp: 40.5°C (Peppa)
📡 Tick 2188 | Max Temp: 40.5°C (Peppa)
📡 Tick 2189 | Max Temp: 40.5°C (Peppa)
📡 Tick 2190 | Max Temp: 40.5°C (Peppa)
📡 Tick 2191 | Max Temp: 40.5°C (Peppa)
📡 Tick 2192 | Max Temp: 40.5°C (Peppa)
📡 Tick 2193 | Max Temp: 40.5°C (Peppa)
📡 Tick 2194 | Max Temp: 40.5°C (Peppa)
📡 Tick 2195 | Max Temp: 40.5°C (Peppa)
📡 Tick 2196 | Max Temp: 40.5°C (Peppa)
📡 Tick 2197 | Max Temp: 40.5°C (Peppa)
📡 Tick 2198 | Max Temp: 40.5°C (Peppa)
📡 Tick 2199 | Max Temp: 40.5°C (Peppa)
📡 Tick 2200 | Max Temp: 40.5°C (Peppa)
📡 Tick 2201 | Max Temp: 40.5°C (Peppa)
📡 Tick 2202 | Max Temp: 40.5°C (Peppa)
📡 Tick 2203 | Max Temp: 40.5°C (Peppa)
📡 Tick 2204 | Max Temp: 40.5°C (Peppa)
📡 Tick 2205 | Max Temp: 40.5°C (Peppa)
📡 Tick 2206 | Max Temp: 40.5°C (Peppa)
📡 Tick 2207 | Max Temp: 40.5°C (Peppa)
📡 Tick 2208 | Max Temp: 40.5°C (Peppa)
📡 Tick 2209 | Max Temp: 40.5°C (Peppa)
📡 Tick 2210 | Max Temp: 40.5°C (Peppa)
📡 Tick 2211 | Max Temp: 40.5°C (Peppa)
📡 Tick 2212 | Max Temp: 40.5°C (Peppa)
📡 Tick 2213 | Max Temp: 40.5°C (Peppa)
📡 Tick 2214 | Max Temp: 40.5°C (Peppa)
📡 Tick 2215 | Max Temp: 40.5°C (Peppa)
📡 Tick 2216 | Max Temp: 40.5°C (Peppa)
📡 Tick 2217 | Max Temp: 40.5°C (Peppa)
📡 Tick 2218 | Max Temp: 40.5°C (Peppa)
📡 Tick 2219 | Max Temp: 40.5°C (Peppa)
📡 Tick 2220 | Max Temp: 40.5°C (Peppa)
📡 Tick 2221 | Max Temp: 40.5°C (Peppa)
📡 Tick 2222 | Max Temp: 40.5°C (Peppa)
📡 Tick 2223 | Max Temp: 40.5°C (Peppa)
📡 Tick 2224 | Max Temp: 40.5°C (Peppa)
📡 Tick 2225 | Max Temp: 40.5°C (Peppa)
📡 Tick 2226 | Max Temp: 40.5°C (Peppa)
📡 Tick 2227 | Max Temp: 40.5°C (Peppa)
📡 Tick 2228 | Max Temp: 40.5°C (Peppa)
📡 Tick 2229 | Max Temp: 40.5°C (Peppa)
📡 Tick 2230 | Max Temp: 40.5°C (Peppa)
📡 Tick 2231 | Max Temp: 40.5°C (Peppa)
📡 Tick 2232 | Max Temp: 40.5°C (Peppa)
📡 Tick 2233 | Max Temp: 40.5°C (Peppa)
📡 Tick 2234 | Max Temp: 40.5°C (Peppa)
📡 Tick 2235 | Max Temp: 40.5°C (Peppa)
📡 Tick 2236 | Max Temp: 40.5°C (Peppa)
📡 Tick 2237 | Max Temp: 40.5°C (Peppa)
📡 Tick 2238 | Max Temp: 40.5°C (Peppa)
📡 Tick 2239 | Max Temp: 40.5°C (Peppa)
📡 Tick 2240 | Max Temp: 40.5°C (Peppa)
📡 Tick 2241 | Max Temp: 40.5°C (Peppa)
📡 Tick 2242 | Max Temp: 40.5°C (Peppa)
📡 Tick 2243 | Max Temp: 40.5°C (Peppa)
📡 Tick 2244 | Max Temp: 40.5°C (Peppa)
📡 Tick 2245 | Max Temp: 40.5°C (Peppa)
📡 Tick 2246 | Max Temp: 40.5°C (Peppa)
📡 Tick 2247 | Max Temp: 40.5°C (Peppa)
📡 Tick 2248 | Max Temp: 40.5°C (Peppa)
📡 Tick 2249 | Max Temp: 40.5°C (Peppa)
📡 Tick 2250 | Max Temp: 40.5°C (Peppa)
📡 Tick 2251 | Max Temp: 40.5°C (Peppa)
📡 Tick 2252 | Max Temp: 40.5°C (Peppa)
📡 Tick 2253 | Max Temp: 40.5°C (Peppa)
📡 Tick 2254 | Max Temp: 40.5°C (Peppa)
📡 Tick 2255 | Max Temp: 40.5°C (Peppa)
📡 Tick 2256 | Max Temp: 40.5°C (Peppa)
📡 Tick 2257 | Max Temp: 40.5°C (Peppa)
📡 Tick 2258 | Max Temp: 40.5°C (Peppa)
📡 Tick 2259 | Max Temp: 40.5°C (Peppa)
📡 Tick 2260 | Max Temp: 40.5°C (Peppa)
📡 Tick 2261 | Max Temp: 40.5°C (Peppa)
📡 Tick 2262 | Max Temp: 40.5°C (Peppa)
📡 Tick 2263 | Max Temp: 40.5°C (Peppa)
📡 Tick 2264 | Max Temp: 40.5°C (Peppa)
📡 Tick 2265 | Max Temp: 40.5°C (Peppa)
📡 Tick 2266 | Max Temp: 40.5°C (Peppa)
📡 Tick 2267 | Max Temp: 40.5°C (Peppa)
📡 Tick 2268 | Max Temp: 40.5°C (Peppa)
📡 Tick 2269 | Max Temp: 40.5°C (Peppa)
📡 Tick 2270 | Max Temp: 40.5°C (Peppa)
📡 Tick 2271 | Max Temp: 40.5°C (Peppa)
📡 Tick 2272 | Max Temp: 40.5°C (Peppa)
📡 Tick 2273 | Max Temp: 40.5°C (Peppa)
📡 Tick 2274 | Max Temp: 40.5°C (Peppa)
📡 Tick 2275 | Max Temp: 40.5°C (Peppa)
📡 Tick 2276 | Max Temp: 40.5°C (Peppa)
📡 Tick 2277 | Max Temp: 40.5°C (Peppa)
📡 Tick 2278 | Max Temp: 40.5°C (Peppa)
📡 Tick 2279 | Max Temp: 40.5°C (Peppa)
📡 Tick 2280 | Max Temp: 40.5°C (Peppa)
📡 Tick 2281 | Max Temp: 40.5°C (Peppa)
📡 Tick 2282 | Max Temp: 40.5°C (Peppa)
📡 Tick 2283 | Max Temp: 40.5°C (Peppa)
📡 Tick 2284 | Max Temp: 40.5°C (Peppa)
📡 Tick 2285 | Max Temp: 40.5°C (Peppa)
📡 Tick 2286 | Max Temp: 40.5°C (Peppa)
📡 Tick 2287 | Max Temp: 40.5°C (Peppa)
📡 Tick 2288 | Max Temp: 40.5°C (Peppa)
📡 Tick 2289 | Max Temp: 40.5°C (Peppa)
📡 Tick 2290 | Max Temp: 40.5°C (Peppa)
📡 Tick 2291 | Max Temp: 40.5°C (Peppa)
📡 Tick 2292 | Max Temp: 40.5°C (Peppa)
📡 Tick 2293 | Max Temp: 40.5°C (Peppa)
📡 Tick 2294 | Max Temp: 40.5°C (Peppa)
📡 Tick 2295 | Max Temp: 40.5°C (Peppa)
📡 Tick 2296 | Max Temp: 40.5°C (Peppa)
📡 Tick 2297 | Max Temp: 40.5°C (Peppa)
📡 Tick 2298 | Max Temp: 40.5°C (Peppa)
📡 Tick 2299 | Max Temp: 40.5°C (Peppa)
📡 Tick 2300 | Max Temp: 40.5°C (Peppa)
📡 Tick 2301 | Max Temp: 40.5°C (Peppa)
📡 Tick 2302 | Max Temp: 40.5°C (Peppa)
📡 Tick 2303 | Max Temp: 40.5°C (Peppa)
📡 Tick 2304 | Max Temp: 40.5°C (Peppa)
📡 Tick 2305 | Max Temp: 40.5°C (Peppa)
📡 Tick 2306 | Max Temp: 40.5°C (Peppa)
📡 Tick 2307 | Max Temp: 40.5°C (Peppa)
📡 Tick 2308 | Max Temp: 40.5°C (Peppa)
📡 Tick 2309 | Max Temp: 40.5°C (Peppa)
📡 Tick 2310 | Max Temp: 40.5°C (Peppa)
📡 Tick 2311 | Max Temp: 40.5°C (Peppa)
📡 Tick 2312 | Max Temp: 40.5°C (Peppa)
📡 Tick 2313 | Max Temp: 40.5°C (Peppa)
📡 Tick 2314 | Max Temp: 40.5°C (Peppa)
📡 Tick 2315 | Max Temp: 40.5°C (Peppa)
📡 Tick 2316 | Max Temp: 40.5°C (Peppa)
📡 Tick 2317 | Max Temp: 40.5°C (Peppa)
📡 Tick 2318 | Max Temp: 40.5°C (Peppa)
📡 Tick 2319 | Max Temp: 40.5°C (Peppa)
📡 Tick 2320 | Max Temp: 40.5°C (Peppa)
📡 Tick 2321 | Max Temp: 40.5°C (Peppa)
📡 Tick 2322 | Max Temp: 40.5°C (Peppa)
📡 Tick 2323 | Max Temp: 40.5°C (Peppa)
📡 Tick 2324 | Max Temp: 40.5°C (Peppa)
📡 Tick 2325 | Max Temp: 40.5°C (Peppa)
📡 Tick 2326 | Max Temp: 40.5°C (Peppa)
📡 Tick 2327 | Max Temp: 40.5°C (Peppa)
📡 Tick 2328 | Max Temp: 40.5°C (Peppa)
📡 Tick 2329 | Max Temp: 40.5°C (Peppa)
📡 Tick 2330 | Max Temp: 40.5°C (Peppa)
📡 Tick 2331 | Max Temp: 40.5°C (Peppa)
📡 Tick 2332 | Max Temp: 40.5°C (Peppa)
📡 Tick 2333 | Max Temp: 40.5°C (Peppa)
📡 Tick 2334 | Max Temp: 40.5°C (Peppa)
📡 Tick 2335 | Max Temp: 40.5°C (Peppa)
📡 Tick 2336 | Max Temp: 40.5°C (Peppa)
📡 Tick 2337 | Max Temp: 40.5°C (Peppa)
📡 Tick 2338 | Max Temp: 40.5°C (Peppa)
📡 Tick 2339 | Max Temp: 40.5°C (Peppa)
📡 Tick 2340 | Max Temp: 40.5°C (Peppa)
📡 Tick 2341 | Max Temp: 40.5°C (Peppa)
📡 Tick 2342 | Max Temp: 40.5°C (Peppa)
📡 Tick 2343 | Max Temp: 40.5°C (Peppa)
📡 Tick 2344 | Max Temp: 40.5°C (Peppa)
📡 Tick 2345 | Max Temp: 40.5°C (Peppa)
📡 Tick 2346 | Max Temp: 40.5°C (Peppa)
📡 Tick 2347 | Max Temp: 40.5°C (Peppa)
📡 Tick 2348 | Max Temp: 40.5°C (Peppa)
📡 Tick 2349 | Max Temp: 40.5°C (Peppa)
📡 Tick 2350 | Max Temp: 40.5°C (Peppa)
📡 Tick 2351 | Max Temp: 40.5°C (Peppa)
📡 Tick 2352 | Max Temp: 40.5°C (Peppa)
📡 Tick 2353 | Max Temp: 40.5°C (Peppa)
📡 Tick 2354 | Max Temp: 40.5°C (Peppa)
📡 Tick 2355 | Max Temp: 40.5°C (Peppa)
📡 Tick 2356 | Max Temp: 40.5°C (Peppa)
📡 Tick 2357 | Max Temp: 40.5°C (Peppa)
📡 Tick 2358 | Max Temp: 40.5°C (Peppa)
📡 Tick 2359 | Max Temp: 40.5°C (Peppa)
📡 Tick 2360 | Max Temp: 40.5°C (Peppa)
📡 Tick 2361 | Max Temp: 40.5°C (Peppa)
📡 Tick 2362 | Max Temp: 40.5°C (Peppa)
📡 Tick 2363 | Max Temp: 40.5°C (Peppa)
📡 Tick 2364 | Max Temp: 40.5°C (Peppa)
📡 Tick 2365 | Max Temp: 40.5°C (Peppa)
📡 Tick 2366 | Max Temp: 40.5°C (Peppa)
📡 Tick 2367 | Max Temp: 40.5°C (Peppa)
📡 Tick 2368 | Max Temp: 40.5°C (Peppa)
📡 Tick 2369 | Max Temp: 40.5°C (Peppa)
📡 Tick 2370 | Max Temp: 40.5°C (Peppa)
📡 Tick 2371 | Max Temp: 40.5°C (Peppa)
📡 Tick 2372 | Max Temp: 40.5°C (Peppa)
📡 Tick 2373 | Max Temp: 40.5°C (Peppa)
📡 Tick 2374 | Max Temp: 40.5°C (Peppa)
📡 Tick 2375 | Max Temp: 40.5°C (Peppa)
📡 Tick 2376 | Max Temp: 40.5°C (Peppa)
📡 Tick 2377 | Max Temp: 40.5°C (Peppa)
📡 Tick 2378 | Max Temp: 40.5°C (Peppa)
📡 Tick 2379 | Max Temp: 40.5°C (Peppa)
📡 Tick 2380 | Max Temp: 40.5°C (Peppa)
📡 Tick 2381 | Max Temp: 40.5°C (Peppa)
📡 Tick 2382 | Max Temp: 40.5°C (Peppa)
📡 Tick 2383 | Max Temp: 40.5°C (Peppa)
📡 Tick 2384 | Max Temp: 40.5°C (Peppa)
📡 Tick 2385 | Max Temp: 40.5°C (Peppa)
📡 Tick 2386 | Max Temp: 40.5°C (Peppa)
📡 Tick 2387 | Max Temp: 40.5°C (Peppa)
📡 Tick 2388 | Max Temp: 40.5°C (Peppa)
📡 Tick 2389 | Max Temp: 40.5°C (Peppa)
📡 Tick 2390 | Max Temp: 40.5°C (Peppa)
📡 Tick 2391 | Max Temp: 40.5°C (Peppa)
📡 Tick 2392 | Max Temp: 40.5°C (Peppa)
📡 Tick 2393 | Max Temp: 40.5°C (Peppa)
📡 Tick 2394 | Max Temp: 40.5°C (Peppa)
📡 Tick 2395 | Max Temp: 40.5°C (Peppa)
📡 Tick 2396 | Max Temp: 40.5°C (Peppa)
📡 Tick 2397 | Max Temp: 40.5°C (Peppa)
📡 Tick 2398 | Max Temp: 40.5°C (Peppa)
📡 Tick 2399 | Max Temp: 40.5°C (Peppa)
📡 Tick 2400 | Max Temp: 40.5°C (Peppa)
📡 Tick 2401 | Max Temp: 40.5°C (Peppa)
📡 Tick 2402 | Max Temp: 40.5°C (Peppa)
📡 Tick 2403 | Max Temp: 40.5°C (Peppa)
📡 Tick 2404 | Max Temp: 40.5°C (Peppa)
📡 Tick 2405 | Max Temp: 40.5°C (Peppa)
📡 Tick 2406 | Max Temp: 40.5°C (Peppa)
📡 Tick 2407 | Max Temp: 40.5°C (Peppa)
📡 Tick 2408 | Max Temp: 40.5°C (Peppa)
📡 Tick 2409 | Max Temp: 40.5°C (Peppa)
📡 Tick 2410 | Max Temp: 40.5°C (Peppa)
📡 Tick 2411 | Max Temp: 40.5°C (Peppa)
📡 Tick 2412 | Max Temp: 40.5°C (Peppa)
📡 Tick 2413 | Max Temp: 40.5°C (Peppa)
📡 Tick 2414 | Max Temp: 40.5°C (Peppa)
📡 Tick 2415 | Max Temp: 40.5°C (Peppa)
📡 Tick 2416 | Max Temp: 40.5°C (Peppa)
📡 Tick 2417 | Max Temp: 40.5°C (Peppa)
📡 Tick 2418 | Max Temp: 40.5°C (Peppa)
📡 Tick 2419 | Max Temp: 40.5°C (Peppa)
📡 Tick 2420 | Max Temp: 40.5°C (Peppa)
📡 Tick 2421 | Max Temp: 40.5°C (Peppa)
📡 Tick 2422 | Max Temp: 40.5°C (Peppa)
📡 Tick 2423 | Max Temp: 40.5°C (Peppa)
📡 Tick 2424 | Max Temp: 40.5°C (Peppa)
📡 Tick 2425 | Max Temp: 40.5°C (Peppa)
📡 Tick 2426 | Max Temp: 40.5°C (Peppa)
📡 Tick 2427 | Max Temp: 40.5°C (Peppa)
📡 Tick 2428 | Max Temp: 40.5°C (Peppa)
📡 Tick 2429 | Max Temp: 40.5°C (Peppa)
📡 Tick 2430 | Max Temp: 40.5°C (Peppa)
📡 Tick 2431 | Max Temp: 40.5°C (Peppa)
📡 Tick 2432 | Max Temp: 40.5°C (Peppa)
📡 Tick 2433 | Max Temp: 40.5°C (Peppa)
📡 Tick 2434 | Max Temp: 40.5°C (Peppa)
📡 Tick 2435 | Max Temp: 40.5°C (Peppa)
📡 Tick 2436 | Max Temp: 40.5°C (Peppa)
📡 Tick 2437 | Max Temp: 40.5°C (Peppa)
📡 Tick 2438 | Max Temp: 40.5°C (Peppa)
📡 Tick 2439 | Max Temp: 40.5°C (Peppa)
📡 Tick 2440 | Max Temp: 40.5°C (Peppa)
📡 Tick 2441 | Max Temp: 40.5°C (Peppa)
📡 Tick 2442 | Max Temp: 40.5°C (Peppa)
📡 Tick 2443 | Max Temp: 40.5°C (Peppa)
📡 Tick 2444 | Max Temp: 40.5°C (Peppa)
📡 Tick 2445 | Max Temp: 40.5°C (Peppa)
📡 Tick 2446 | Max Temp: 40.5°C (Peppa)
📡 Tick 2447 | Max Temp: 40.5°C (Peppa)
📡 Tick 2448 | Max Temp: 40.5°C (Peppa)
📡 Tick 2449 | Max Temp: 40.5°C (Peppa)
📡 Tick 2450 | Max Temp: 40.5°C (Peppa)
📡 Tick 2451 | Max Temp: 40.5°C (Peppa)
📡 Tick 2452 | Max Temp: 40.5°C (Peppa)
📡 Tick 2453 | Max Temp: 40.5°C (Peppa)
📡 Tick 2454 | Max Temp: 40.5°C (Peppa)
📡 Tick 2455 | Max Temp: 40.5°C (Peppa)
📡 Tick 2456 | Max Temp: 40.5°C (Peppa)
📡 Tick 2457 | Max Temp: 40.5°C (Peppa)
📡 Tick 2458 | Max Temp: 40.5°C (Peppa)
📡 Tick 2459 | Max Temp: 40.5°C (Peppa)
📡 Tick 2460 | Max Temp: 40.5°C (Peppa)
📡 Tick 2461 | Max Temp: 40.5°C (Peppa)
📡 Tick 2462 | Max Temp: 40.5°C (Peppa)
📡 Tick 2463 | Max Temp: 40.5°C (Peppa)
📡 Tick 2464 | Max Temp: 40.5°C (Peppa)
📡 Tick 2465 | Max Temp: 40.5°C (Peppa)
📡 Tick 2466 | Max Temp: 40.5°C (Peppa)
📡 Tick 2467 | Max Temp: 40.5°C (Peppa)
📡 Tick 2468 | Max Temp: 40.5°C (Peppa)
📡 Tick 2469 | Max Temp: 40.5°C (Peppa)
📡 Tick 2470 | Max Temp: 40.5°C (Peppa)
📡 Tick 2471 | Max Temp: 40.5°C (Peppa)
📡 Tick 2472 | Max Temp: 40.5°C (Peppa)
📡 Tick 2473 | Max Temp: 40.5°C (Peppa)
📡 Tick 2474 | Max Temp: 40.5°C (Peppa)
📡 Tick 2475 | Max Temp: 40.5°C (Peppa)
📡 Tick 2476 | Max Temp: 40.5°C (Peppa)
📡 Tick 2477 | Max Temp: 40.5°C (Peppa)
📡 Tick 2478 | Max Temp: 40.5°C (Peppa)
📡 Tick 2479 | Max Temp: 40.5°C (Peppa)
📡 Tick 2480 | Max Temp: 40.5°C (Peppa)
📡 Tick 2481 | Max Temp: 40.5°C (Peppa)
📡 Tick 2482 | Max Temp: 40.5°C (Peppa)
📡 Tick 2483 | Max Temp: 40.5°C (Peppa)
📡 Tick 2484 | Max Temp: 40.5°C (Peppa)
📡 Tick 2485 | Max Temp: 40.5°C (Peppa)
📡 Tick 2486 | Max Temp: 40.5°C (Peppa)
📡 Tick 2487 | Max Temp: 40.5°C (Peppa)
📡 Tick 2488 | Max Temp: 40.5°C (Peppa)
📡 Tick 2489 | Max Temp: 40.5°C (Peppa)
📡 Tick 2490 | Max Temp: 40.5°C (Peppa)
📡 Tick 2491 | Max Temp: 40.5°C (Peppa)
📡 Tick 2492 | Max Temp: 40.5°C (Peppa)
📡 Tick 2493 | Max Temp: 40.5°C (Peppa)
📡 Tick 2494 | Max Temp: 40.5°C (Peppa)
📡 Tick 2495 | Max Temp: 40.5°C (Peppa)
📡 Tick 2496 | Max Temp: 40.5°C (Peppa)
📡 Tick 2497 | Max Temp: 40.5°C (Peppa)
📡 Tick 2498 | Max Temp: 40.5°C (Peppa)
📡 Tick 2499 | Max Temp: 40.5°C (Peppa)
📡 Tick 2500 | Max Temp: 40.5°C (Peppa)
📡 Tick 2501 | Max Temp: 40.5°C (Peppa)
📡 Tick 2502 | Max Temp: 40.5°C (Peppa)
📡 Tick 2503 | Max Temp: 40.5°C (Peppa)
📡 Tick 2504 | Max Temp: 40.5°C (Peppa)
📡 Tick 2505 | Max Temp: 40.5°C (Peppa)
📡 Tick 2506 | Max Temp: 40.5°C (Peppa)
📡 Tick 2507 | Max Temp: 40.5°C (Peppa)
📡 Tick 2508 | Max Temp: 40.5°C (Peppa)
📡 Tick 2509 | Max Temp: 40.5°C (Peppa)
📡 Tick 2510 | Max Temp: 40.5°C (Peppa)
📡 Tick 2511 | Max Temp: 40.5°C (Peppa)
📡 Tick 2512 | Max Temp: 40.5°C (Peppa)
📡 Tick 2513 | Max Temp: 40.5°C (Peppa)
📡 Tick 2514 | Max Temp: 40.5°C (Peppa)
📡 Tick 2515 | Max Temp: 40.5°C (Peppa)
📡 Tick 2516 | Max Temp: 40.5°C (Peppa)
📡 Tick 2517 | Max Temp: 40.5°C (Peppa)
📡 Tick 2518 | Max Temp: 40.5°C (Peppa)
📡 Tick 2519 | Max Temp: 40.5°C (Peppa)
📡 Tick 2520 | Max Temp: 40.5°C (Peppa)
📡 Tick 2521 | Max Temp: 40.5°C (Peppa)
📡 Tick 2522 | Max Temp: 40.5°C (Peppa)
📡 Tick 2523 | Max Temp: 40.5°C (Peppa)
📡 Tick 2524 | Max Temp: 40.5°C (Peppa)
📡 Tick 2525 | Max Temp: 40.5°C (Peppa)
📡 Tick 2526 | Max Temp: 40.5°C (Peppa)
📡 Tick 2527 | Max Temp: 40.5°C (Peppa)
📡 Tick 2528 | Max Temp: 40.5°C (Peppa)
📡 Tick 2529 | Max Temp: 40.5°C (Peppa)
📡 Tick 2530 | Max Temp: 40.5°C (Peppa)
📡 Tick 2531 | Max Temp: 40.5°C (Peppa)
📡 Tick 2532 | Max Temp: 40.5°C (Peppa)
📡 Tick 2533 | Max Temp: 40.5°C (Peppa)
📡 Tick 2534 | Max Temp: 40.5°C (Peppa)
📡 Tick 2535 | Max Temp: 40.5°C (Peppa)
📡 Tick 2536 | Max Temp: 40.5°C (Peppa)
📡 Tick 2537 | Max Temp: 40.5°C (Peppa)
📡 Tick 2538 | Max Temp: 40.5°C (Peppa)
📡 Tick 2539 | Max Temp: 40.5°C (Peppa)
📡 Tick 2540 | Max Temp: 40.5°C (Peppa)
📡 Tick 2541 | Max Temp: 40.5°C (Peppa)
📡 Tick 2542 | Max Temp: 40.5°C (Peppa)
📡 Tick 2543 | Max Temp: 40.5°C (Peppa)
📡 Tick 2544 | Max Temp: 40.5°C (Peppa)
📡 Tick 2545 | Max Temp: 40.5°C (Peppa)
📡 Tick 2546 | Max Temp: 40.5°C (Peppa)
📡 Tick 2547 | Max Temp: 40.5°C (Peppa)
📡 Tick 2548 | Max Temp: 40.5°C (Peppa)
📡 Tick 2549 | Max Temp: 40.5°C (Peppa)
📡 Tick 2550 | Max Temp: 40.5°C (Peppa)
📡 Tick 2551 | Max Temp: 40.5°C (Peppa)
📡 Tick 2552 | Max Temp: 40.5°C (Peppa)
📡 Tick 2553 | Max Temp: 40.5°C (Peppa)
📡 Tick 2554 | Max Temp: 40.5°C (Peppa)
📡 Tick 2555 | Max Temp: 40.5°C (Peppa)
📡 Tick 2556 | Max Temp: 40.5°C (Peppa)
📡 Tick 2557 | Max Temp: 40.5°C (Peppa)
📡 Tick 2558 | Max Temp: 40.5°C (Peppa)
📡 Tick 2559 | Max Temp: 40.5°C (Peppa)
📡 Tick 2560 | Max Temp: 40.5°C (Peppa)
📡 Tick 2561 | Max Temp: 40.5°C (Peppa)
📡 Tick 2562 | Max Temp: 40.5°C (Peppa)
📡 Tick 2563 | Max Temp: 40.5°C (Peppa)
📡 Tick 2564 | Max Temp: 40.5°C (Peppa)
📡 Tick 2565 | Max Temp: 40.5°C (Peppa)
📡 Tick 2566 | Max Temp: 40.5°C (Peppa)
📡 Tick 2567 | Max Temp: 40.5°C (Peppa)
📡 Tick 2568 | Max Temp: 40.5°C (Peppa)
📡 Tick 2569 | Max Temp: 40.5°C (Peppa)
📡 Tick 2570 | Max Temp: 40.5°C (Peppa)
📡 Tick 2571 | Max Temp: 40.5°C (Peppa)
📡 Tick 2572 | Max Temp: 40.5°C (Peppa)
📡 Tick 2573 | Max Temp: 40.5°C (Peppa)
📡 Tick 2574 | Max Temp: 40.5°C (Peppa)
📡 Tick 2575 | Max Temp: 40.5°C (Peppa)
📡 Tick 2576 | Max Temp: 40.5°C (Peppa)
📡 Tick 2577 | Max Temp: 40.5°C (Peppa)
📡 Tick 2578 | Max Temp: 40.5°C (Peppa)
📡 Tick 2579 | Max Temp: 40.5°C (Peppa)
📡 Tick 2580 | Max Temp: 40.5°C (Peppa)
📡 Tick 2581 | Max Temp: 40.5°C (Peppa)
📡 Tick 2582 | Max Temp: 40.5°C (Peppa)
📡 Tick 2583 | Max Temp: 40.5°C (Peppa)
📡 Tick 2584 | Max Temp: 40.5°C (Peppa)
📡 Tick 2585 | Max Temp: 40.5°C (Peppa)
📡 Tick 2586 | Max Temp: 40.5°C (Peppa)
📡 Tick 2587 | Max Temp: 40.5°C (Peppa)
📡 Tick 2588 | Max Temp: 40.5°C (Peppa)
📡 Tick 2589 | Max Temp: 40.5°C (Peppa)
📡 Tick 2590 | Max Temp: 40.5°C (Peppa)
📡 Tick 2591 | Max Temp: 40.5°C (Peppa)
📡 Tick 2592 | Max Temp: 40.5°C (Peppa)
📡 Tick 2593 | Max Temp: 40.5°C (Peppa)
📡 Tick 2594 | Max Temp: 40.5°C (Peppa)
📡 Tick 2595 | Max Temp: 40.5°C (Peppa)
📡 Tick 2596 | Max Temp: 40.5°C (Peppa)
📡 Tick 2597 | Max Temp: 40.5°C (Peppa)
📡 Tick 2598 | Max Temp: 40.5°C (Peppa)
📡 Tick 2599 | Max Temp: 40.5°C (Peppa)
📡 Tick 2600 | Max Temp: 40.5°C (Peppa)
📡 Tick 2601 | Max Temp: 40.5°C (Peppa)
📡 Tick 2602 | Max Temp: 40.5°C (Peppa)
📡 Tick 2603 | Max Temp: 40.5°C (Peppa)
📡 Tick 2604 | Max Temp: 40.5°C (Peppa)
📡 Tick 2605 | Max Temp: 40.5°C (Peppa)
📡 Tick 2606 | Max Temp: 40.5°C (Peppa)
📡 Tick 2607 | Max Temp: 40.5°C (Peppa)
📡 Tick 2608 | Max Temp: 40.5°C (Peppa)
📡 Tick 2609 | Max Temp: 40.5°C (Peppa)
📡 Tick 2610 | Max Temp: 40.5°C (Peppa)
📡 Tick 2611 | Max Temp: 40.5°C (Peppa)
📡 Tick 2612 | Max Temp: 40.5°C (Peppa)
📡 Tick 2613 | Max Temp: 40.5°C (Peppa)
📡 Tick 2614 | Max Temp: 40.5°C (Peppa)
📡 Tick 2615 | Max Temp: 40.5°C (Peppa)
📡 Tick 2616 | Max Temp: 40.5°C (Peppa)
📡 Tick 2617 | Max Temp: 40.5°C (Peppa)
📡 Tick 2618 | Max Temp: 40.5°C (Peppa)
📡 Tick 2619 | Max Temp: 40.5°C (Peppa)
📡 Tick 2620 | Max Temp: 40.5°C (Peppa)
📡 Tick 2621 | Max Temp: 40.5°C (Peppa)
📡 Tick 2622 | Max Temp: 40.5°C (Peppa)
📡 Tick 2623 | Max Temp: 40.5°C (Peppa)
📡 Tick 2624 | Max Temp: 40.5°C (Peppa)
📡 Tick 2625 | Max Temp: 40.5°C (Peppa)
📡 Tick 2626 | Max Temp: 40.5°C (Peppa)
📡 Tick 2627 | Max Temp: 40.5°C (Peppa)
📡 Tick 2628 | Max Temp: 40.5°C (Peppa)
📡 Tick 2629 | Max Temp: 40.5°C (Peppa)
📡 Tick 2630 | Max Temp: 40.5°C (Peppa)
📡 Tick 2631 | Max Temp: 40.5°C (Peppa)
📡 Tick 2632 | Max Temp: 40.5°C (Peppa)
📡 Tick 2633 | Max Temp: 40.5°C (Peppa)
📡 Tick 2634 | Max Temp: 40.5°C (Peppa)
📡 Tick 2635 | Max Temp: 40.5°C (Peppa)
📡 Tick 2636 | Max Temp: 40.5°C (Peppa)
📡 Tick 2637 | Max Temp: 40.5°C (Peppa)
📡 Tick 2638 | Max Temp: 40.5°C (Peppa)
📡 Tick 2639 | Max Temp: 40.5°C (Peppa)
📡 Tick 2640 | Max Temp: 40.5°C (Peppa)
📡 Tick 2641 | Max Temp: 40.5°C (Peppa)
📡 Tick 2642 | Max Temp: 40.5°C (Peppa)
📡 Tick 2643 | Max Temp: 40.5°C (Peppa)
📡 Tick 2644 | Max Temp: 40.5°C (Peppa)
📡 Tick 2645 | Max Temp: 40.5°C (Peppa)
📡 Tick 2646 | Max Temp: 40.5°C (Peppa)
📡 Tick 2647 | Max Temp: 40.5°C (Peppa)
📡 Tick 2648 | Max Temp: 40.5°C (Peppa)
📡 Tick 2649 | Max Temp: 40.5°C (Peppa)
📡 Tick 2650 | Max Temp: 40.5°C (Peppa)
📡 Tick 2651 | Max Temp: 40.5°C (Peppa)
📡 Tick 2652 | Max Temp: 40.5°C (Peppa)
📡 Tick 2653 | Max Temp: 40.5°C (Peppa)
📡 Tick 2654 | Max Temp: 40.5°C (Peppa)
📡 Tick 2655 | Max Temp: 40.5°C (Peppa)
📡 Tick 2656 | Max Temp: 40.5°C (Peppa)
📡 Tick 2657 | Max Temp: 40.5°C (Peppa)
📡 Tick 2658 | Max Temp: 40.5°C (Peppa)
📡 Tick 2659 | Max Temp: 40.5°C (Peppa)
📡 Tick 2660 | Max Temp: 40.5°C (Peppa)
📡 Tick 2661 | Max Temp: 40.5°C (Peppa)
📡 Tick 2662 | Max Temp: 40.5°C (Peppa)
📡 Tick 2663 | Max Temp: 40.5°C (Peppa)
📡 Tick 2664 | Max Temp: 40.5°C (Peppa)
📡 Tick 2665 | Max Temp: 40.5°C (Peppa)
📡 Tick 2666 | Max Temp: 40.5°C (Peppa)
📡 Tick 2667 | Max Temp: 40.5°C (Peppa)
📡 Tick 2668 | Max Temp: 40.5°C (Peppa)
📡 Tick 2669 | Max Temp: 40.5°C (Peppa)
📡 Tick 2670 | Max Temp: 40.5°C (Peppa)
📡 Tick 2671 | Max Temp: 40.5°C (Peppa)
📡 Tick 2672 | Max Temp: 40.5°C (Peppa)
📡 Tick 2673 | Max Temp: 40.5°C (Peppa)
📡 Tick 2674 | Max Temp: 40.5°C (Peppa)
📡 Tick 2675 | Max Temp: 40.5°C (Peppa)
📡 Tick 2676 | Max Temp: 40.5°C (Peppa)
📡 Tick 2677 | Max Temp: 40.5°C (Peppa)
📡 Tick 2678 | Max Temp: 40.5°C (Peppa)
📡 Tick 2679 | Max Temp: 40.5°C (Peppa)
📡 Tick 2680 | Max Temp: 40.5°C (Peppa)
📡 Tick 2681 | Max Temp: 40.5°C (Peppa)
📡 Tick 2682 | Max Temp: 40.5°C (Peppa)
📡 Tick 2683 | Max Temp: 40.5°C (Peppa)
📡 Tick 2684 | Max Temp: 40.5°C (Peppa)
📡 Tick 2685 | Max Temp: 40.5°C (Peppa)
📡 Tick 2686 | Max Temp: 40.5°C (Peppa)
📡 Tick 2687 | Max Temp: 40.5°C (Peppa)
📡 Tick 2688 | Max Temp: 40.5°C (Peppa)
📡 Tick 2689 | Max Temp: 40.5°C (Peppa)
📡 Tick 2690 | Max Temp: 40.5°C (Peppa)
📡 Tick 2691 | Max Temp: 40.5°C (Peppa)
📡 Tick 2692 | Max Temp: 40.5°C (Peppa)
📡 Tick 2693 | Max Temp: 40.5°C (Peppa)
📡 Tick 2694 | Max Temp: 40.5°C (Peppa)
📡 Tick 2695 | Max Temp: 40.5°C (Peppa)
📡 Tick 2696 | Max Temp: 40.5°C (Peppa)
📡 Tick 2697 | Max Temp: 40.5°C (Peppa)
📡 Tick 2698 | Max Temp: 40.5°C (Peppa)
📡 Tick 2699 | Max Temp: 40.5°C (Peppa)
📡 Tick 2700 | Max Temp: 40.5°C (Peppa)
📡 Tick 2701 | Max Temp: 40.5°C (Peppa)
📡 Tick 2702 | Max Temp: 40.5°C (Peppa)
📡 Tick 2703 | Max Temp: 40.5°C (Peppa)
📡 Tick 2704 | Max Temp: 40.5°C (Peppa)
📡 Tick 2705 | Max Temp: 40.5°C (Peppa)
📡 Tick 2706 | Max Temp: 40.5°C (Peppa)
📡 Tick 2707 | Max Temp: 40.5°C (Peppa)
📡 Tick 2708 | Max Temp: 40.5°C (Peppa)
📡 Tick 2709 | Max Temp: 40.5°C (Peppa)
📡 Tick 2710 | Max Temp: 40.5°C (Peppa)
📡 Tick 2711 | Max Temp: 40.5°C (Peppa)
📡 Tick 2712 | Max Temp: 40.5°C (Peppa)
📡 Tick 2713 | Max Temp: 40.5°C (Peppa)
📡 Tick 2714 | Max Temp: 40.5°C (Peppa)
📡 Tick 2715 | Max Temp: 40.5°C (Peppa)
📡 Tick 2716 | Max Temp: 40.5°C (Peppa)
📡 Tick 2717 | Max Temp: 40.5°C (Peppa)
📡 Tick 2718 | Max Temp: 40.5°C (Peppa)
📡 Tick 2719 | Max Temp: 40.5°C (Peppa)
📡 Tick 2720 | Max Temp: 40.5°C (Peppa)
📡 Tick 2721 | Max Temp: 40.5°C (Peppa)
📡 Tick 2722 | Max Temp: 40.5°C (Peppa)
📡 Tick 2723 | Max Temp: 40.5°C (Peppa)
📡 Tick 2724 | Max Temp: 40.5°C (Peppa)
📡 Tick 2725 | Max Temp: 40.5°C (Peppa)
📡 Tick 2726 | Max Temp: 40.5°C (Peppa)
📡 Tick 2727 | Max Temp: 40.5°C (Peppa)
📡 Tick 2728 | Max Temp: 40.5°C (Peppa)
📡 Tick 2729 | Max Temp: 40.5°C (Peppa)
📡 Tick 2730 | Max Temp: 40.5°C (Peppa)
📡 Tick 2731 | Max Temp: 40.5°C (Peppa)
📡 Tick 2732 | Max Temp: 40.5°C (Peppa)
📡 Tick 2733 | Max Temp: 40.5°C (Peppa)
📡 Tick 2734 | Max Temp: 40.5°C (Peppa)
📡 Tick 2735 | Max Temp: 40.5°C (Peppa)
📡 Tick 2736 | Max Temp: 40.5°C (Peppa)
📡 Tick 2737 | Max Temp: 40.5°C (Peppa)
📡 Tick 2738 | Max Temp: 40.5°C (Peppa)
📡 Tick 2739 | Max Temp: 40.5°C (Peppa)
📡 Tick 2740 | Max Temp: 40.5°C (Peppa)
📡 Tick 2741 | Max Temp: 40.5°C (Peppa)
📡 Tick 2742 | Max Temp: 40.5°C (Peppa)
📡 Tick 2743 | Max Temp: 40.5°C (Peppa)
📡 Tick 2744 | Max Temp: 40.5°C (Peppa)
📡 Tick 2745 | Max Temp: 40.5°C (Peppa)
📡 Tick 2746 | Max Temp: 40.5°C (Peppa)
📡 Tick 2747 | Max Temp: 40.5°C (Peppa)
📡 Tick 2748 | Max Temp: 40.5°C (Peppa)
📡 Tick 2749 | Max Temp: 40.5°C (Peppa)
📡 Tick 2750 | Max Temp: 40.5°C (Peppa)
📡 Tick 2751 | Max Temp: 40.5°C (Peppa)
📡 Tick 2752 | Max Temp: 40.5°C (Peppa)
📡 Tick 2753 | Max Temp: 40.5°C (Peppa)
📡 Tick 2754 | Max Temp: 40.5°C (Peppa)
📡 Tick 2755 | Max Temp: 40.5°C (Peppa)
📡 Tick 2756 | Max Temp: 40.5°C (Peppa)
📡 Tick 2757 | Max Temp: 40.5°C (Peppa)
📡 Tick 2758 | Max Temp: 40.5°C (Peppa)
📡 Tick 2759 | Max Temp: 40.5°C (Peppa)
📡 Tick 2760 | Max Temp: 40.5°C (Peppa)
📡 Tick 2761 | Max Temp: 40.5°C (Peppa)
📡 Tick 2762 | Max Temp: 40.5°C (Peppa)
📡 Tick 2763 | Max Temp: 40.5°C (Peppa)
📡 Tick 2764 | Max Temp: 40.5°C (Peppa)
📡 Tick 2765 | Max Temp: 40.5°C (Peppa)
📡 Tick 2766 | Max Temp: 40.5°C (Peppa)
📡 Tick 2767 | Max Temp: 40.5°C (Peppa)
📡 Tick 2768 | Max Temp: 40.5°C (Peppa)
📡 Tick 2769 | Max Temp: 40.5°C (Peppa)
📡 Tick 2770 | Max Temp: 40.5°C (Peppa)
📡 Tick 2771 | Max Temp: 40.5°C (Peppa)
📡 Tick 2772 | Max Temp: 40.5°C (Peppa)
📡 Tick 2773 | Max Temp: 40.5°C (Peppa)
📡 Tick 2774 | Max Temp: 40.5°C (Peppa)
📡 Tick 2775 | Max Temp: 40.5°C (Peppa)
📡 Tick 2776 | Max Temp: 40.5°C (Peppa)
📡 Tick 2777 | Max Temp: 40.5°C (Peppa)
📡 Tick 2778 | Max Temp: 40.5°C (Peppa)
📡 Tick 2779 | Max Temp: 40.5°C (Peppa)
📡 Tick 2780 | Max Temp: 40.5°C (Peppa)
📡 Tick 2781 | Max Temp: 40.5°C (Peppa)
📡 Tick 2782 | Max Temp: 40.5°C (Peppa)
📡 Tick 2783 | Max Temp: 40.5°C (Peppa)
📡 Tick 2784 | Max Temp: 40.5°C (Peppa)
📡 Tick 2785 | Max Temp: 40.5°C (Peppa)
📡 Tick 2786 | Max Temp: 40.5°C (Peppa)
📡 Tick 2787 | Max Temp: 40.5°C (Peppa)
📡 Tick 2788 | Max Temp: 40.5°C (Peppa)
📡 Tick 2789 | Max Temp: 40.5°C (Peppa)
📡 Tick 2790 | Max Temp: 40.5°C (Peppa)
📡 Tick 2791 | Max Temp: 40.5°C (Peppa)
📡 Tick 2792 | Max Temp: 40.5°C (Peppa)
📡 Tick 2793 | Max Temp: 40.5°C (Peppa)
📡 Tick 2794 | Max Temp: 40.5°C (Peppa)
📡 Tick 2795 | Max Temp: 40.5°C (Peppa)
📡 Tick 2796 | Max Temp: 40.5°C (Peppa)
📡 Tick 2797 | Max Temp: 40.5°C (Peppa)
📡 Tick 2798 | Max Temp: 40.5°C (Peppa)
📡 Tick 2799 | Max Temp: 40.5°C (Peppa)
📡 Tick 2800 | Max Temp: 40.5°C (Peppa)
📡 Tick 2801 | Max Temp: 40.5°C (Peppa)
📡 Tick 2802 | Max Temp: 40.5°C (Peppa)
📡 Tick 2803 | Max Temp: 40.5°C (Peppa)
📡 Tick 2804 | Max Temp: 40.5°C (Peppa)
📡 Tick 2805 | Max Temp: 40.5°C (Peppa)
📡 Tick 2806 | Max Temp: 40.5°C (Peppa)
📡 Tick 2807 | Max Temp: 40.5°C (Peppa)
📡 Tick 2808 | Max Temp: 40.5°C (Peppa)
📡 Tick 2809 | Max Temp: 40.5°C (Peppa)
📡 Tick 2810 | Max Temp: 40.5°C (Peppa)
📡 Tick 2811 | Max Temp: 40.5°C (Peppa)
📡 Tick 2812 | Max Temp: 40.5°C (Peppa)
📡 Tick 2813 | Max Temp: 40.5°C (Peppa)
📡 Tick 2814 | Max Temp: 40.5°C (Peppa)
📡 Tick 2815 | Max Temp: 40.5°C (Peppa)
📡 Tick 2816 | Max Temp: 40.5°C (Peppa)
📡 Tick 2817 | Max Temp: 40.5°C (Peppa)
📡 Tick 2818 | Max Temp: 40.5°C (Peppa)
📡 Tick 2819 | Max Temp: 40.5°C (Peppa)
📡 Tick 2820 | Max Temp: 40.5°C (Peppa)
📡 Tick 2821 | Max Temp: 40.5°C (Peppa)
📡 Tick 2822 | Max Temp: 40.5°C (Peppa)
📡 Tick 2823 | Max Temp: 40.5°C (Peppa)
📡 Tick 2824 | Max Temp: 40.5°C (Peppa)
📡 Tick 2825 | Max Temp: 40.5°C (Peppa)
📡 Tick 2826 | Max Temp: 40.5°C (Peppa)
📡 Tick 2827 | Max Temp: 40.5°C (Peppa)
📡 Tick 2828 | Max Temp: 40.5°C (Peppa)
📡 Tick 2829 | Max Temp: 40.5°C (Peppa)
📡 Tick 2830 | Max Temp: 40.5°C (Peppa)
📡 Tick 2831 | Max Temp: 40.5°C (Peppa)
📡 Tick 2832 | Max Temp: 40.5°C (Peppa)
📡 Tick 2833 | Max Temp: 40.5°C (Peppa)
📡 Tick 2834 | Max Temp: 40.5°C (Peppa)
📡 Tick 2835 | Max Temp: 40.5°C (Peppa)
📡 Tick 2836 | Max Temp: 40.5°C (Peppa)
📡 Tick 2837 | Max Temp: 40.5°C (Peppa)
📡 Tick 2838 | Max Temp: 40.5°C (Peppa)
📡 Tick 2839 | Max Temp: 40.5°C (Peppa)
📡 Tick 2840 | Max Temp: 40.5°C (Peppa)
📡 Tick 2841 | Max Temp: 40.5°C (Peppa)
📡 Tick 2842 | Max Temp: 40.5°C (Peppa)
📡 Tick 2843 | Max Temp: 40.5°C (Peppa)
📡 Tick 2844 | Max Temp: 40.5°C (Peppa)
📡 Tick 2845 | Max Temp: 40.5°C (Peppa)
📡 Tick 2846 | Max Temp: 40.5°C (Peppa)
📡 Tick 2847 | Max Temp: 40.5°C (Peppa)
📡 Tick 2848 | Max Temp: 40.5°C (Peppa)
📡 Tick 2849 | Max Temp: 40.5°C (Peppa)
📡 Tick 2850 | Max Temp: 40.5°C (Peppa)
📡 Tick 2851 | Max Temp: 40.5°C (Peppa)
📡 Tick 2852 | Max Temp: 40.5°C (Peppa)
📡 Tick 2853 | Max Temp: 40.5°C (Peppa)
📡 Tick 2854 | Max Temp: 40.5°C (Peppa)
📡 Tick 2855 | Max Temp: 40.5°C (Peppa)
📡 Tick 2856 | Max Temp: 40.5°C (Peppa)
📡 Tick 2857 | Max Temp: 40.5°C (Peppa)
📡 Tick 2858 | Max Temp: 40.5°C (Peppa)
📡 Tick 2859 | Max Temp: 40.5°C (Peppa)
📡 Tick 2860 | Max Temp: 40.5°C (Peppa)
📡 Tick 2861 | Max Temp: 40.5°C (Peppa)
📡 Tick 2862 | Max Temp: 40.5°C (Peppa)
📡 Tick 2863 | Max Temp: 40.5°C (Peppa)
📡 Tick 2864 | Max Temp: 40.5°C (Peppa)
📡 Tick 2865 | Max Temp: 40.5°C (Peppa)
📡 Tick 2866 | Max Temp: 40.5°C (Peppa)
📡 Tick 2867 | Max Temp: 40.5°C (Peppa)
📡 Tick 2868 | Max Temp: 40.5°C (Peppa)
📡 Tick 2869 | Max Temp: 40.5°C (Peppa)
📡 Tick 2870 | Max Temp: 40.5°C (Peppa)
📡 Tick 2871 | Max Temp: 40.5°C (Peppa)
📡 Tick 2872 | Max Temp: 40.5°C (Peppa)
📡 Tick 2873 | Max Temp: 40.5°C (Peppa)
📡 Tick 2874 | Max Temp: 40.5°C (Peppa)
📡 Tick 2875 | Max Temp: 40.5°C (Peppa)
📡 Tick 2876 | Max Temp: 40.5°C (Peppa)
📡 Tick 2877 | Max Temp: 40.5°C (Peppa)
📡 Tick 2878 | Max Temp: 40.5°C (Peppa)
📡 Tick 2879 | Max Temp: 40.5°C (Peppa)
📡 Tick 2880 | Max Temp: 40.5°C (Peppa)
📡 Tick 2881 | Max Temp: 40.5°C (Peppa)
📡 Tick 2882 | Max Temp: 40.5°C (Peppa)
📡 Tick 2883 | Max Temp: 40.5°C (Peppa)
📡 Tick 2884 | Max Temp: 40.5°C (Peppa)
📡 Tick 2885 | Max Temp: 40.5°C (Peppa)
📡 Tick 2886 | Max Temp: 40.5°C (Peppa)
📡 Tick 2887 | Max Temp: 40.5°C (Peppa)
📡 Tick 2888 | Max Temp: 40.5°C (Peppa)
📡 Tick 2889 | Max Temp: 40.5°C (Peppa)
📡 Tick 2890 | Max Temp: 40.5°C (Peppa)
📡 Tick 2891 | Max Temp: 40.5°C (Peppa)
📡 Tick 2892 | Max Temp: 40.5°C (Peppa)
📡 Tick 2893 | Max Temp: 40.5°C (Peppa)
📡 Tick 2894 | Max Temp: 40.5°C (Peppa)
📡 Tick 2895 | Max Temp: 40.5°C (Peppa)
📡 Tick 2896 | Max Temp: 40.5°C (Peppa)
📡 Tick 2897 | Max Temp: 40.5°C (Peppa)
📡 Tick 2898 | Max Temp: 40.5°C (Peppa)
📡 Tick 2899 | Max Temp: 40.5°C (Peppa)
📡 Tick 2900 | Max Temp: 40.5°C (Peppa)
📡 Tick 2901 | Max Temp: 40.5°C (Peppa)
📡 Tick 2902 | Max Temp: 40.5°C (Peppa)
📡 Tick 2903 | Max Temp: 40.5°C (Peppa)
📡 Tick 2904 | Max Temp: 40.5°C (Peppa)
📡 Tick 2905 | Max Temp: 40.5°C (Peppa)
📡 Tick 2906 | Max Temp: 40.5°C (Peppa)
📡 Tick 2907 | Max Temp: 40.5°C (Peppa)
📡 Tick 2908 | Max Temp: 40.5°C (Peppa)
📡 Tick 2909 | Max Temp: 40.5°C (Peppa)
📡 Tick 2910 | Max Temp: 40.5°C (Peppa)
📡 Tick 2911 | Max Temp: 40.5°C (Peppa)
📡 Tick 2912 | Max Temp: 40.5°C (Peppa)
📡 Tick 2913 | Max Temp: 40.5°C (Peppa)
📡 Tick 2914 | Max Temp: 40.5°C (Peppa)
📡 Tick 2915 | Max Temp: 40.5°C (Peppa)
📡 Tick 2916 | Max Temp: 40.5°C (Peppa)
📡 Tick 2917 | Max Temp: 40.5°C (Peppa)
📡 Tick 2918 | Max Temp: 40.5°C (Peppa)
📡 Tick 2919 | Max Temp: 40.5°C (Peppa)
📡 Tick 2920 | Max Temp: 40.5°C (Peppa)
📡 Tick 2921 | Max Temp: 40.5°C (Peppa)
📡 Tick 2922 | Max Temp: 40.5°C (Peppa)
📡 Tick 2923 | Max Temp: 40.5°C (Peppa)
📡 Tick 2924 | Max Temp: 40.5°C (Peppa)
📡 Tick 2925 | Max Temp: 40.5°C (Peppa)
📡 Tick 2926 | Max Temp: 40.5°C (Peppa)
📡 Tick 2927 | Max Temp: 40.5°C (Peppa)
📡 Tick 2928 | Max Temp: 40.5°C (Peppa)
📡 Tick 2929 | Max Temp: 40.5°C (Peppa)
📡 Tick 2930 | Max Temp: 40.5°C (Peppa)
📡 Tick 2931 | Max Temp: 40.5°C (Peppa)
📡 Tick 2932 | Max Temp: 40.5°C (Peppa)
📡 Tick 2933 | Max Temp: 40.5°C (Peppa)
📡 Tick 2934 | Max Temp: 40.5°C (Peppa)
📡 Tick 2935 | Max Temp: 40.5°C (Peppa)
📡 Tick 2936 | Max Temp: 40.5°C (Peppa)
📡 Tick 2937 | Max Temp: 40.5°C (Peppa)
📡 Tick 2938 | Max Temp: 40.5°C (Peppa)
📡 Tick 2939 | Max Temp: 40.5°C (Peppa)
📡 Tick 2940 | Max Temp: 40.5°C (Peppa)
📡 Tick 2941 | Max Temp: 40.5°C (Peppa)
📡 Tick 2942 | Max Temp: 40.5°C (Peppa)
📡 Tick 2943 | Max Temp: 40.5°C (Peppa)
📡 Tick 2944 | Max Temp: 40.5°C (Peppa)
📡 Tick 2945 | Max Temp: 40.5°C (Peppa)
📡 Tick 2946 | Max Temp: 40.5°C (Peppa)
📡 Tick 2947 | Max Temp: 40.5°C (Peppa)
📡 Tick 2948 | Max Temp: 40.5°C (Peppa)
📡 Tick 2949 | Max Temp: 40.5°C (Peppa)
📡 Tick 2950 | Max Temp: 40.5°C (Peppa)
📡 Tick 2951 | Max Temp: 40.5°C (Peppa)
📡 Tick 2952 | Max Temp: 40.5°C (Peppa)
📡 Tick 2953 | Max Temp: 40.5°C (Peppa)
📡 Tick 2954 | Max Temp: 40.5°C (Peppa)
📡 Tick 2955 | Max Temp: 40.5°C (Peppa)
📡 Tick 2956 | Max Temp: 40.5°C (Peppa)
📡 Tick 2957 | Max Temp: 40.5°C (Peppa)
📡 Tick 2958 | Max Temp: 40.5°C (Peppa)
📡 Tick 2959 | Max Temp: 40.5°C (Peppa)
📡 Tick 2960 | Max Temp: 40.5°C (Peppa)
📡 Tick 2961 | Max Temp: 40.5°C (Peppa)
📡 Tick 2962 | Max Temp: 40.5°C (Peppa)
📡 Tick 2963 | Max Temp: 40.5°C (Peppa)
📡 Tick 2964 | Max Temp: 40.5°C (Peppa)
📡 Tick 2965 | Max Temp: 40.5°C (Peppa)
📡 Tick 2966 | Max Temp: 40.5°C (Peppa)
📡 Tick 2967 | Max Temp: 40.5°C (Peppa)
📡 Tick 2968 | Max Temp: 40.5°C (Peppa)
📡 Tick 2969 | Max Temp: 40.5°C (Peppa)
📡 Tick 2970 | Max Temp: 40.5°C (Peppa)
📡 Tick 2971 | Max Temp: 40.5°C (Peppa)
📡 Tick 2972 | Max Temp: 40.5°C (Peppa)
📡 Tick 2973 | Max Temp: 40.5°C (Peppa)
📡 Tick 2974 | Max Temp: 40.5°C (Peppa)
📡 Tick 2975 | Max Temp: 40.5°C (Peppa)
📡 Tick 2976 | Max Temp: 40.5°C (Peppa)
📡 Tick 2977 | Max Temp: 40.5°C (Peppa)
📡 Tick 2978 | Max Temp: 40.5°C (Peppa)
📡 Tick 2979 | Max Temp: 40.5°C (Peppa)
📡 Tick 2980 | Max Temp: 40.5°C (Peppa)
📡 Tick 2981 | Max Temp: 40.5°C (Peppa)
📡 Tick 2982 | Max Temp: 40.5°C (Peppa)
📡 Tick 2983 | Max Temp: 40.5°C (Peppa)
📡 Tick 2984 | Max Temp: 40.5°C (Peppa)
📡 Tick 2985 | Max Temp: 40.5°C (Peppa)
📡 Tick 2986 | Max Temp: 40.5°C (Peppa)
📡 Tick 2987 | Max Temp: 40.5°C (Peppa)
📡 Tick 2988 | Max Temp: 40.5°C (Peppa)
📡 Tick 2989 | Max Temp: 40.5°C (Peppa)
📡 Tick 2990 | Max Temp: 40.5°C (Peppa)
📡 Tick 2991 | Max Temp: 40.5°C (Peppa)
📡 Tick 2992 | Max Temp: 40.5°C (Peppa)
📡 Tick 2993 | Max Temp: 40.5°C (Peppa)
📡 Tick 2994 | Max Temp: 40.5°C (Peppa)
📡 Tick 2995 | Max Temp: 40.5°C (Peppa)
📡 Tick 2996 | Max Temp: 40.5°C (Peppa)
📡 Tick 2997 | Max Temp: 40.5°C (Peppa)
📡 Tick 2998 | Max Temp: 40.5°C (Peppa)
📡 Tick 2999 | Max Temp: 40.5°C (Peppa)
📡 Tick 3000 | Max Temp: 40.5°C (Peppa)
📡 Tick 3001 | Max Temp: 40.5°C (Peppa)
📡 Tick 3002 | Max Temp: 40.5°C (Peppa)
📡 Tick 3003 | Max Temp: 40.5°C (Peppa)
📡 Tick 3004 | Max Temp: 40.5°C (Peppa)
📡 Tick 3005 | Max Temp: 40.5°C (Peppa)
📡 Tick 3006 | Max Temp: 40.5°C (Peppa)
📡 Tick 3007 | Max Temp: 40.5°C (Peppa)
📡 Tick 3008 | Max Temp: 40.5°C (Peppa)
📡 Tick 3009 | Max Temp: 40.5°C (Peppa)
📡 Tick 3010 | Max Temp: 40.5°C (Peppa)
📡 Tick 3011 | Max Temp: 40.5°C (Peppa)
📡 Tick 3012 | Max Temp: 40.5°C (Peppa)
📡 Tick 3013 | Max Temp: 40.5°C (Peppa)
📡 Tick 3014 | Max Temp: 40.5°C (Peppa)
📡 Tick 3015 | Max Temp: 40.5°C (Peppa)
📡 Tick 3016 | Max Temp: 40.5°C (Peppa)
📡 Tick 3017 | Max Temp: 40.5°C (Peppa)
📡 Tick 3018 | Max Temp: 40.5°C (Peppa)
📡 Tick 3019 | Max Temp: 40.5°C (Peppa)
📡 Tick 3020 | Max Temp: 40.5°C (Peppa)
📡 Tick 3021 | Max Temp: 40.5°C (Peppa)
📡 Tick 3022 | Max Temp: 40.5°C (Peppa)
📡 Tick 3023 | Max Temp: 40.5°C (Peppa)
📡 Tick 3024 | Max Temp: 40.5°C (Peppa)
📡 Tick 3025 | Max Temp: 40.5°C (Peppa)
📡 Tick 3026 | Max Temp: 40.5°C (Peppa)
📡 Tick 3027 | Max Temp: 40.5°C (Peppa)
📡 Tick 3028 | Max Temp: 40.5°C (Peppa)
📡 Tick 3029 | Max Temp: 40.5°C (Peppa)
📡 Tick 3030 | Max Temp: 40.5°C (Peppa)
📡 Tick 3031 | Max Temp: 40.5°C (Peppa)
📡 Tick 3032 | Max Temp: 40.5°C (Peppa)
📡 Tick 3033 | Max Temp: 40.5°C (Peppa)
📡 Tick 3034 | Max Temp: 40.5°C (Peppa)
📡 Tick 3035 | Max Temp: 40.5°C (Peppa)
📡 Tick 3036 | Max Temp: 40.5°C (Peppa)
📡 Tick 3037 | Max Temp: 40.5°C (Peppa)
📡 Tick 3038 | Max Temp: 40.5°C (Peppa)
📡 Tick 3039 | Max Temp: 40.5°C (Peppa)
📡 Tick 3040 | Max Temp: 40.5°C (Peppa)
📡 Tick 3041 | Max Temp: 40.5°C (Peppa)
📡 Tick 3042 | Max Temp: 40.5°C (Peppa)
📡 Tick 3043 | Max Temp: 40.5°C (Peppa)
📡 Tick 3044 | Max Temp: 40.5°C (Peppa)
📡 Tick 3045 | Max Temp: 40.5°C (Peppa)
📡 Tick 3046 | Max Temp: 40.5°C (Peppa)
📡 Tick 3047 | Max Temp: 40.5°C (Peppa)
📡 Tick 3048 | Max Temp: 40.5°C (Peppa)
📡 Tick 3049 | Max Temp: 40.5°C (Peppa)
📡 Tick 3050 | Max Temp: 40.5°C (Peppa)
📡 Tick 3051 | Max Temp: 40.5°C (Peppa)
📡 Tick 3052 | Max Temp: 40.5°C (Peppa)
📡 Tick 3053 | Max Temp: 40.5°C (Peppa)
📡 Tick 3054 | Max Temp: 40.5°C (Peppa)
📡 Tick 3055 | Max Temp: 40.5°C (Peppa)
📡 Tick 3056 | Max Temp: 40.5°C (Peppa)
📡 Tick 3057 | Max Temp: 40.5°C (Peppa)
📡 Tick 3058 | Max Temp: 40.5°C (Peppa)
📡 Tick 3059 | Max Temp: 40.5°C (Peppa)
📡 Tick 3060 | Max Temp: 40.5°C (Peppa)
📡 Tick 3061 | Max Temp: 40.5°C (Peppa)
📡 Tick 3062 | Max Temp: 40.5°C (Peppa)
📡 Tick 3063 | Max Temp: 40.5°C (Peppa)
📡 Tick 3064 | Max Temp: 40.5°C (Peppa)
📡 Tick 3065 | Max Temp: 40.5°C (Peppa)
📡 Tick 3066 | Max Temp: 40.5°C (Peppa)
📡 Tick 3067 | Max Temp: 40.5°C (Peppa)
📡 Tick 3068 | Max Temp: 40.5°C (Peppa)
📡 Tick 3069 | Max Temp: 40.5°C (Peppa)
📡 Tick 3070 | Max Temp: 40.5°C (Peppa)
📡 Tick 3071 | Max Temp: 40.5°C (Peppa)
📡 Tick 3072 | Max Temp: 40.5°C (Peppa)
📡 Tick 3073 | Max Temp: 40.5°C (Peppa)
📡 Tick 3074 | Max Temp: 40.5°C (Peppa)
📡 Tick 3075 | Max Temp: 40.5°C (Peppa)
📡 Tick 3076 | Max Temp: 40.5°C (Peppa)
📡 Tick 3077 | Max Temp: 40.5°C (Peppa)
📡 Tick 3078 | Max Temp: 40.5°C (Peppa)
📡 Tick 3079 | Max Temp: 40.5°C (Peppa)
📡 Tick 3080 | Max Temp: 40.5°C (Peppa)
📡 Tick 3081 | Max Temp: 40.5°C (Peppa)
📡 Tick 3082 | Max Temp: 40.5°C (Peppa)
📡 Tick 3083 | Max Temp: 40.5°C (Peppa)
📡 Tick 3084 | Max Temp: 40.5°C (Peppa)
📡 Tick 3085 | Max Temp: 40.5°C (Peppa)
📡 Tick 3086 | Max Temp: 40.5°C (Peppa)
📡 Tick 3087 | Max Temp: 40.5°C (Peppa)
📡 Tick 3088 | Max Temp: 40.5°C (Peppa)
📡 Tick 3089 | Max Temp: 40.5°C (Peppa)
📡 Tick 3090 | Max Temp: 40.5°C (Peppa)
📡 Tick 3091 | Max Temp: 40.5°C (Peppa)
📡 Tick 3092 | Max Temp: 40.5°C (Peppa)
📡 Tick 3093 | Max Temp: 40.5°C (Peppa)
📡 Tick 3094 | Max Temp: 40.5°C (Peppa)
📡 Tick 3095 | Max Temp: 40.5°C (Peppa)
📡 Tick 3096 | Max Temp: 40.5°C (Peppa)
📡 Tick 3097 | Max Temp: 40.5°C (Peppa)
📡 Tick 3098 | Max Temp: 40.5°C (Peppa)
📡 Tick 3099 | Max Temp: 40.5°C (Peppa)
📡 Tick 3100 | Max Temp: 40.5°C (Peppa)
📡 Tick 3101 | Max Temp: 40.5°C (Peppa)
📡 Tick 3102 | Max Temp: 40.5°C (Peppa)
📡 Tick 3103 | Max Temp: 40.5°C (Peppa)
📡 Tick 3104 | Max Temp: 40.5°C (Peppa)
📡 Tick 3105 | Max Temp: 40.5°C (Peppa)
📡 Tick 3106 | Max Temp: 40.5°C (Peppa)
📡 Tick 3107 | Max Temp: 40.5°C (Peppa)
📡 Tick 3108 | Max Temp: 40.5°C (Peppa)
📡 Tick 3109 | Max Temp: 40.5°C (Peppa)
📡 Tick 3110 | Max Temp: 40.5°C (Peppa)
📡 Tick 3111 | Max Temp: 40.5°C (Peppa)
📡 Tick 3112 | Max Temp: 40.5°C (Peppa)
📡 Tick 3113 | Max Temp: 40.5°C (Peppa)
📡 Tick 3114 | Max Temp: 40.5°C (Peppa)
📡 Tick 3115 | Max Temp: 40.5°C (Peppa)
📡 Tick 3116 | Max Temp: 40.5°C (Peppa)
📡 Tick 3117 | Max Temp: 40.5°C (Peppa)
📡 Tick 3118 | Max Temp: 40.5°C (Peppa)
📡 Tick 3119 | Max Temp: 40.5°C (Peppa)
📡 Tick 3120 | Max Temp: 40.5°C (Peppa)
📡 Tick 3121 | Max Temp: 40.5°C (Peppa)
📡 Tick 3122 | Max Temp: 40.5°C (Peppa)
📡 Tick 3123 | Max Temp: 40.5°C (Peppa)
📡 Tick 3124 | Max Temp: 40.5°C (Peppa)
📡 Tick 3125 | Max Temp: 40.5°C (Peppa)
📡 Tick 3126 | Max Temp: 40.5°C (Peppa)
📡 Tick 3127 | Max Temp: 40.5°C (Peppa)
📡 Tick 3128 | Max Temp: 40.5°C (Peppa)
📡 Tick 3129 | Max Temp: 40.5°C (Peppa)
📡 Tick 3130 | Max Temp: 40.5°C (Peppa)
📡 Tick 3131 | Max Temp: 40.5°C (Peppa)
📡 Tick 3132 | Max Temp: 40.5°C (Peppa)
📡 Tick 3133 | Max Temp: 40.5°C (Peppa)
📡 Tick 3134 | Max Temp: 40.5°C (Peppa)
📡 Tick 3135 | Max Temp: 40.5°C (Peppa)
📡 Tick 3136 | Max Temp: 40.5°C (Peppa)
📡 Tick 3137 | Max Temp: 40.5°C (Peppa)
📡 Tick 3138 | Max Temp: 40.5°C (Peppa)
📡 Tick 3139 | Max Temp: 40.5°C (Peppa)
📡 Tick 3140 | Max Temp: 40.5°C (Peppa)
📡 Tick 3141 | Max Temp: 40.5°C (Peppa)
📡 Tick 3142 | Max Temp: 40.5°C (Peppa)
📡 Tick 3143 | Max Temp: 40.5°C (Peppa)
📡 Tick 3144 | Max Temp: 40.5°C (Peppa)
📡 Tick 3145 | Max Temp: 40.5°C (Peppa)
📡 Tick 3146 | Max Temp: 40.5°C (Peppa)
📡 Tick 3147 | Max Temp: 40.5°C (Peppa)
📡 Tick 3148 | Max Temp: 40.5°C (Peppa)
📡 Tick 3149 | Max Temp: 40.5°C (Peppa)
📡 Tick 3150 | Max Temp: 40.5°C (Peppa)
📡 Tick 3151 | Max Temp: 40.5°C (Peppa)
📡 Tick 3152 | Max Temp: 40.5°C (Peppa)
📡 Tick 3153 | Max Temp: 40.5°C (Peppa)
📡 Tick 3154 | Max Temp: 40.5°C (Peppa)
📡 Tick 3155 | Max Temp: 40.5°C (Peppa)
📡 Tick 3156 | Max Temp: 40.5°C (Peppa)
📡 Tick 3157 | Max Temp: 40.5°C (Peppa)
📡 Tick 3158 | Max Temp: 40.5°C (Peppa)
📡 Tick 3159 | Max Temp: 40.5°C (Peppa)
📡 Tick 3160 | Max Temp: 40.5°C (Peppa)
📡 Tick 3161 | Max Temp: 40.5°C (Peppa)
📡 Tick 3162 | Max Temp: 40.5°C (Peppa)
📡 Tick 3163 | Max Temp: 40.5°C (Peppa)
📡 Tick 3164 | Max Temp: 40.5°C (Peppa)
📡 Tick 3165 | Max Temp: 40.5°C (Peppa)
📡 Tick 3166 | Max Temp: 40.5°C (Peppa)
📡 Tick 3167 | Max Temp: 40.5°C (Peppa)
📡 Tick 3168 | Max Temp: 40.5°C (Peppa)
📡 Tick 3169 | Max Temp: 40.5°C (Peppa)
📡 Tick 3170 | Max Temp: 40.5°C (Peppa)
📡 Tick 3171 | Max Temp: 40.5°C (Peppa)
📡 Tick 3172 | Max Temp: 40.5°C (Peppa)
📡 Tick 3173 | Max Temp: 40.5°C (Peppa)
📡 Tick 3174 | Max Temp: 40.5°C (Peppa)
📡 Tick 3175 | Max Temp: 40.5°C (Peppa)
📡 Tick 3176 | Max Temp: 40.5°C (Peppa)
📡 Tick 3177 | Max Temp: 40.5°C (Peppa)
📡 Tick 3178 | Max Temp: 40.5°C (Peppa)
📡 Tick 3179 | Max Temp: 40.5°C (Peppa)
📡 Tick 3180 | Max Temp: 40.5°C (Peppa)
📡 Tick 3181 | Max Temp: 40.5°C (Peppa)
📡 Tick 3182 | Max Temp: 40.5°C (Peppa)
📡 Tick 3183 | Max Temp: 40.5°C (Peppa)
📡 Tick 3184 | Max Temp: 40.5°C (Peppa)
📡 Tick 3185 | Max Temp: 40.5°C (Peppa)
📡 Tick 3186 | Max Temp: 40.5°C (Peppa)
📡 Tick 3187 | Max Temp: 40.5°C (Peppa)
📡 Tick 3188 | Max Temp: 40.5°C (Peppa)
📡 Tick 3189 | Max Temp: 40.5°C (Peppa)
📡 Tick 3190 | Max Temp: 40.5°C (Peppa)
📡 Tick 3191 | Max Temp: 40.5°C (Peppa)
📡 Tick 3192 | Max Temp: 40.5°C (Peppa)
📡 Tick 3193 | Max Temp: 40.5°C (Peppa)
📡 Tick 3194 | Max Temp: 40.5°C (Peppa)
📡 Tick 3195 | Max Temp: 40.5°C (Peppa)
📡 Tick 3196 | Max Temp: 40.5°C (Peppa)
📡 Tick 3197 | Max Temp: 40.5°C (Peppa)
📡 Tick 3198 | Max Temp: 40.5°C (Peppa)
📡 Tick 3199 | Max Temp: 40.5°C (Peppa)
📡 Tick 3200 | Max Temp: 40.5°C (Peppa)
📡 Tick 3201 | Max Temp: 40.5°C (Peppa)
📡 Tick 3202 | Max Temp: 40.5°C (Peppa)
📡 Tick 3203 | Max Temp: 40.5°C (Peppa)
📡 Tick 3204 | Max Temp: 40.5°C (Peppa)
📡 Tick 3205 | Max Temp: 40.5°C (Peppa)
📡 Tick 3206 | Max Temp: 40.5°C (Peppa)
📡 Tick 3207 | Max Temp: 40.5°C (Peppa)
📡 Tick 3208 | Max Temp: 40.5°C (Peppa)
📡 Tick 3209 | Max Temp: 40.5°C (Peppa)
📡 Tick 3210 | Max Temp: 40.5°C (Peppa)
📡 Tick 3211 | Max Temp: 40.5°C (Peppa)
📡 Tick 3212 | Max Temp: 40.5°C (Peppa)
📡 Tick 3213 | Max Temp: 40.5°C (Peppa)
📡 Tick 3214 | Max Temp: 40.5°C (Peppa)
📡 Tick 3215 | Max Temp: 40.5°C (Peppa)
📡 Tick 3216 | Max Temp: 40.5°C (Peppa)
📡 Tick 3217 | Max Temp: 40.5°C (Peppa)
📡 Tick 3218 | Max Temp: 40.5°C (Peppa)
📡 Tick 3219 | Max Temp: 40.5°C (Peppa)
📡 Tick 3220 | Max Temp: 40.5°C (Peppa)
📡 Tick 3221 | Max Temp: 40.5°C (Peppa)
📡 Tick 3222 | Max Temp: 40.5°C (Peppa)
📡 Tick 3223 | Max Temp: 40.5°C (Peppa)
📡 Tick 3224 | Max Temp: 40.5°C (Peppa)
📡 Tick 3225 | Max Temp: 40.5°C (Peppa)
📡 Tick 3226 | Max Temp: 40.5°C (Peppa)
📡 Tick 3227 | Max Temp: 40.5°C (Peppa)
📡 Tick 3228 | Max Temp: 40.5°C (Peppa)
📡 Tick 3229 | Max Temp: 40.5°C (Peppa)
📡 Tick 3230 | Max Temp: 40.5°C (Peppa)
📡 Tick 3231 | Max Temp: 40.5°C (Peppa)
📡 Tick 3232 | Max Temp: 40.5°C (Peppa)
📡 Tick 3233 | Max Temp: 40.5°C (Peppa)
📡 Tick 3234 | Max Temp: 40.5°C (Peppa)
📡 Tick 3235 | Max Temp: 40.5°C (Peppa)
📡 Tick 3236 | Max Temp: 40.5°C (Peppa)
📡 Tick 3237 | Max Temp: 40.5°C (Peppa)
📡 Tick 3238 | Max Temp: 40.5°C (Peppa)
📡 Tick 3239 | Max Temp: 40.5°C (Peppa)
📡 Tick 3240 | Max Temp: 40.5°C (Peppa)
📡 Tick 3241 | Max Temp: 40.5°C (Peppa)
📡 Tick 3242 | Max Temp: 40.5°C (Peppa)
📡 Tick 3243 | Max Temp: 40.5°C (Peppa)
📡 Tick 3244 | Max Temp: 40.5°C (Peppa)
📡 Tick 3245 | Max Temp: 40.5°C (Peppa)
📡 Tick 3246 | Max Temp: 40.5°C (Peppa)
📡 Tick 3247 | Max Temp: 40.5°C (Peppa)
📡 Tick 3248 | Max Temp: 40.5°C (Peppa)
📡 Tick 3249 | Max Temp: 40.5°C (Peppa)
📡 Tick 3250 | Max Temp: 40.5°C (Peppa)
📡 Tick 3251 | Max Temp: 40.5°C (Peppa)
📡 Tick 3252 | Max Temp: 40.5°C (Peppa)
📡 Tick 3253 | Max Temp: 40.5°C (Peppa)
📡 Tick 3254 | Max Temp: 40.5°C (Peppa)
📡 Tick 3255 | Max Temp: 40.5°C (Peppa)
📡 Tick 3256 | Max Temp: 40.5°C (Peppa)
📡 Tick 3257 | Max Temp: 40.5°C (Peppa)
📡 Tick 3258 | Max Temp: 40.5°C (Peppa)
📡 Tick 3259 | Max Temp: 40.5°C (Peppa)
📡 Tick 3260 | Max Temp: 40.5°C (Peppa)
📡 Tick 3261 | Max Temp: 40.5°C (Peppa)
📡 Tick 3262 | Max Temp: 40.5°C (Peppa)
📡 Tick 3263 | Max Temp: 40.5°C (Peppa)
📡 Tick 3264 | Max Temp: 40.5°C (Peppa)
📡 Tick 3265 | Max Temp: 40.5°C (Peppa)
📡 Tick 3266 | Max Temp: 40.5°C (Peppa)
📡 Tick 3267 | Max Temp: 40.5°C (Peppa)
📡 Tick 3268 | Max Temp: 40.5°C (Peppa)
📡 Tick 3269 | Max Temp: 40.5°C (Peppa)
📡 Tick 3270 | Max Temp: 40.5°C (Peppa)
📡 Tick 3271 | Max Temp: 40.5°C (Peppa)
📡 Tick 3272 | Max Temp: 40.5°C (Peppa)
📡 Tick 3273 | Max Temp: 40.5°C (Peppa)
📡 Tick 3274 | Max Temp: 40.5°C (Peppa)
📡 Tick 3275 | Max Temp: 40.5°C (Peppa)
📡 Tick 3276 | Max Temp: 40.5°C (Peppa)
📡 Tick 3277 | Max Temp: 40.5°C (Peppa)
📡 Tick 3278 | Max Temp: 40.5°C (Peppa)
📡 Tick 3279 | Max Temp: 40.5°C (Peppa)
📡 Tick 3280 | Max Temp: 40.5°C (Peppa)
📡 Tick 3281 | Max Temp: 40.5°C (Peppa)
📡 Tick 3282 | Max Temp: 40.5°C (Peppa)
📡 Tick 3283 | Max Temp: 40.5°C (Peppa)
📡 Tick 3284 | Max Temp: 40.5°C (Peppa)
📡 Tick 3285 | Max Temp: 40.5°C (Peppa)
📡 Tick 3286 | Max Temp: 40.5°C (Peppa)
📡 Tick 3287 | Max Temp: 40.5°C (Peppa)
📡 Tick 3288 | Max Temp: 40.5°C (Peppa)
📡 Tick 3289 | Max Temp: 40.5°C (Peppa)
📡 Tick 3290 | Max Temp: 40.5°C (Peppa)
📡 Tick 3291 | Max Temp: 40.5°C (Peppa)
📡 Tick 3292 | Max Temp: 40.5°C (Peppa)
📡 Tick 3293 | Max Temp: 40.5°C (Peppa)
📡 Tick 3294 | Max Temp: 40.5°C (Peppa)
📡 Tick 3295 | Max Temp: 40.5°C (Peppa)
📡 Tick 3296 | Max Temp: 40.5°C (Peppa)
📡 Tick 3297 | Max Temp: 40.5°C (Peppa)
📡 Tick 3298 | Max Temp: 40.5°C (Peppa)
📡 Tick 3299 | Max Temp: 40.5°C (Peppa)
📡 Tick 3300 | Max Temp: 40.5°C (Peppa)
📡 Tick 3301 | Max Temp: 40.5°C (Peppa)
📡 Tick 3302 | Max Temp: 40.5°C (Peppa)
📡 Tick 3303 | Max Temp: 40.5°C (Peppa)
📡 Tick 3304 | Max Temp: 40.5°C (Peppa)
📡 Tick 3305 | Max Temp: 40.5°C (Peppa)
📡 Tick 3306 | Max Temp: 40.5°C (Peppa)
📡 Tick 3307 | Max Temp: 40.5°C (Peppa)
📡 Tick 3308 | Max Temp: 40.5°C (Peppa)
📡 Tick 3309 | Max Temp: 40.5°C (Peppa)
📡 Tick 3310 | Max Temp: 40.5°C (Peppa)
📡 Tick 3311 | Max Temp: 40.5°C (Peppa)
📡 Tick 3312 | Max Temp: 40.5°C (Peppa)
📡 Tick 3313 | Max Temp: 40.5°C (Peppa)
📡 Tick 3314 | Max Temp: 40.5°C (Peppa)
📡 Tick 3315 | Max Temp: 40.5°C (Peppa)
📡 Tick 3316 | Max Temp: 40.5°C (Peppa)
📡 Tick 3317 | Max Temp: 40.5°C (Peppa)
📡 Tick 3318 | Max Temp: 40.5°C (Peppa)
📡 Tick 3319 | Max Temp: 40.5°C (Peppa)
📡 Tick 3320 | Max Temp: 40.5°C (Peppa)
📡 Tick 3321 | Max Temp: 40.5°C (Peppa)
📡 Tick 3322 | Max Temp: 40.5°C (Peppa)
📡 Tick 3323 | Max Temp: 40.5°C (Peppa)
📡 Tick 3324 | Max Temp: 40.5°C (Peppa)
📡 Tick 3325 | Max Temp: 40.5°C (Peppa)
📡 Tick 3326 | Max Temp: 40.5°C (Peppa)
📡 Tick 3327 | Max Temp: 40.5°C (Peppa)
📡 Tick 3328 | Max Temp: 40.5°C (Peppa)
📡 Tick 3329 | Max Temp: 40.5°C (Peppa)
📡 Tick 3330 | Max Temp: 40.5°C (Peppa)
📡 Tick 3331 | Max Temp: 40.5°C (Peppa)
📡 Tick 3332 | Max Temp: 40.5°C (Peppa)
📡 Tick 3333 | Max Temp: 40.5°C (Peppa)
📡 Tick 3334 | Max Temp: 40.5°C (Peppa)
📡 Tick 3335 | Max Temp: 40.5°C (Peppa)
📡 Tick 3336 | Max Temp: 40.5°C (Peppa)
📡 Tick 3337 | Max Temp: 40.5°C (Peppa)
📡 Tick 3338 | Max Temp: 40.5°C (Peppa)
📡 Tick 3339 | Max Temp: 40.5°C (Peppa)
📡 Tick 3340 | Max Temp: 40.5°C (Peppa)
📡 Tick 3341 | Max Temp: 40.5°C (Peppa)
📡 Tick 3342 | Max Temp: 40.5°C (Peppa)
📡 Tick 3343 | Max Temp: 40.5°C (Peppa)
📡 Tick 3344 | Max Temp: 40.5°C (Peppa)
📡 Tick 3345 | Max Temp: 40.5°C (Peppa)
📡 Tick 3346 | Max Temp: 40.5°C (Peppa)
📡 Tick 3347 | Max Temp: 40.5°C (Peppa)
📡 Tick 3348 | Max Temp: 40.5°C (Peppa)
📡 Tick 3349 | Max Temp: 40.5°C (Peppa)
📡 Tick 3350 | Max Temp: 40.5°C (Peppa)
📡 Tick 3351 | Max Temp: 40.5°C (Peppa)
📡 Tick 3352 | Max Temp: 40.5°C (Peppa)
📡 Tick 3353 | Max Temp: 40.5°C (Peppa)
📡 Tick 3354 | Max Temp: 40.5°C (Peppa)
📡 Tick 3355 | Max Temp: 40.5°C (Peppa)
📡 Tick 3356 | Max Temp: 40.5°C (Peppa)
📡 Tick 3357 | Max Temp: 40.5°C (Peppa)
📡 Tick 3358 | Max Temp: 40.5°C (Peppa)
📡 Tick 3359 | Max Temp: 40.5°C (Peppa)
📡 Tick 3360 | Max Temp: 40.5°C (Peppa)
📡 Tick 3361 | Max Temp: 40.5°C (Peppa)
📡 Tick 3362 | Max Temp: 40.5°C (Peppa)
📡 Tick 3363 | Max Temp: 40.5°C (Peppa)
📡 Tick 3364 | Max Temp: 40.5°C (Peppa)
📡 Tick 3365 | Max Temp: 40.5°C (Peppa)
📡 Tick 3366 | Max Temp: 40.5°C (Peppa)
📡 Tick 3367 | Max Temp: 40.5°C (Peppa)
📡 Tick 3368 | Max Temp: 40.5°C (Peppa)
📡 Tick 3369 | Max Temp: 40.5°C (Peppa)
📡 Tick 3370 | Max Temp: 40.5°C (Peppa)
📡 Tick 3371 | Max Temp: 40.5°C (Peppa)
📡 Tick 3372 | Max Temp: 40.5°C (Peppa)
📡 Tick 3373 | Max Temp: 40.5°C (Peppa)
📡 Tick 3374 | Max Temp: 40.5°C (Peppa)
📡 Tick 3375 | Max Temp: 40.5°C (Peppa)
📡 Tick 3376 | Max Temp: 40.5°C (Peppa)
📡 Tick 3377 | Max Temp: 40.5°C (Peppa)
📡 Tick 3378 | Max Temp: 40.5°C (Peppa)
📡 Tick 3379 | Max Temp: 40.5°C (Peppa)
📡 Tick 3380 | Max Temp: 40.5°C (Peppa)
📡 Tick 3381 | Max Temp: 40.5°C (Peppa)
📡 Tick 3382 | Max Temp: 40.5°C (Peppa)
📡 Tick 3383 | Max Temp: 40.5°C (Peppa)
📡 Tick 3384 | Max Temp: 40.5°C (Peppa)
📡 Tick 3385 | Max Temp: 40.5°C (Peppa)
📡 Tick 3386 | Max Temp: 40.5°C (Peppa)
📡 Tick 3387 | Max Temp: 40.5°C (Peppa)
📡 Tick 3388 | Max Temp: 40.5°C (Peppa)
📡 Tick 3389 | Max Temp: 40.5°C (Peppa)
📡 Tick 3390 | Max Temp: 40.5°C (Peppa)
📡 Tick 3391 | Max Temp: 40.5°C (Peppa)
📡 Tick 3392 | Max Temp: 40.5°C (Peppa)
📡 Tick 3393 | Max Temp: 40.5°C (Peppa)
📡 Tick 3394 | Max Temp: 40.5°C (Peppa)
📡 Tick 3395 | Max Temp: 40.5°C (Peppa)
📡 Tick 3396 | Max Temp: 40.5°C (Peppa)
📡 Tick 3397 | Max Temp: 40.5°C (Peppa)
📡 Tick 3398 | Max Temp: 40.5°C (Peppa)
📡 Tick 3399 | Max Temp: 40.5°C (Peppa)
📡 Tick 3400 | Max Temp: 40.5°C (Peppa)
📡 Tick 3401 | Max Temp: 40.5°C (Peppa)
📡 Tick 3402 | Max Temp: 40.5°C (Peppa)
📡 Tick 3403 | Max Temp: 40.5°C (Peppa)
📡 Tick 3404 | Max Temp: 40.5°C (Peppa)
📡 Tick 3405 | Max Temp: 40.5°C (Peppa)
📡 Tick 3406 | Max Temp: 40.5°C (Peppa)
📡 Tick 3407 | Max Temp: 40.5°C (Peppa)
📡 Tick 3408 | Max Temp: 40.5°C (Peppa)
📡 Tick 3409 | Max Temp: 40.5°C (Peppa)
📡 Tick 3410 | Max Temp: 40.5°C (Peppa)
📡 Tick 3411 | Max Temp: 40.5°C (Peppa)
📡 Tick 3412 | Max Temp: 40.5°C (Peppa)
📡 Tick 3413 | Max Temp: 40.5°C (Peppa)
📡 Tick 3414 | Max Temp: 40.5°C (Peppa)
📡 Tick 3415 | Max Temp: 40.5°C (Peppa)
📡 Tick 3416 | Max Temp: 40.5°C (Peppa)
📡 Tick 3417 | Max Temp: 40.5°C (Peppa)
📡 Tick 3418 | Max Temp: 40.5°C (Peppa)
📡 Tick 3419 | Max Temp: 40.5°C (Peppa)
📡 Tick 3420 | Max Temp: 40.5°C (Peppa)
📡 Tick 3421 | Max Temp: 40.5°C (Peppa)
📡 Tick 3422 | Max Temp: 40.5°C (Peppa)
📡 Tick 3423 | Max Temp: 40.5°C (Peppa)
📡 Tick 3424 | Max Temp: 40.5°C (Peppa)
📡 Tick 3425 | Max Temp: 40.5°C (Peppa)
📡 Tick 3426 | Max Temp: 40.5°C (Peppa)
📡 Tick 3427 | Max Temp: 40.5°C (Peppa)
📡 Tick 3428 | Max Temp: 40.5°C (Peppa)
📡 Tick 3429 | Max Temp: 40.5°C (Peppa)
📡 Tick 3430 | Max Temp: 40.5°C (Peppa)
📡 Tick 3431 | Max Temp: 40.5°C (Peppa)
📡 Tick 3432 | Max Temp: 40.5°C (Peppa)
📡 Tick 3433 | Max Temp: 40.5°C (Peppa)
📡 Tick 3434 | Max Temp: 40.5°C (Peppa)
📡 Tick 3435 | Max Temp: 40.5°C (Peppa)
📡 Tick 3436 | Max Temp: 40.5°C (Peppa)
📡 Tick 3437 | Max Temp: 40.5°C (Peppa)
📡 Tick 3438 | Max Temp: 40.5°C (Peppa)
📡 Tick 3439 | Max Temp: 40.5°C (Peppa)
📡 Tick 3440 | Max Temp: 40.5°C (Peppa)
📡 Tick 3441 | Max Temp: 40.5°C (Peppa)
📡 Tick 3442 | Max Temp: 40.5°C (Peppa)
📡 Tick 3443 | Max Temp: 40.5°C (Peppa)
📡 Tick 3444 | Max Temp: 40.5°C (Peppa)
📡 Tick 3445 | Max Temp: 40.5°C (Peppa)
📡 Tick 3446 | Max Temp: 40.5°C (Peppa)
📡 Tick 3447 | Max Temp: 40.5°C (Peppa)
📡 Tick 3448 | Max Temp: 40.5°C (Peppa)
📡 Tick 3449 | Max Temp: 40.5°C (Peppa)
📡 Tick 3450 | Max Temp: 40.5°C (Peppa)
📡 Tick 3451 | Max Temp: 40.5°C (Peppa)
📡 Tick 3452 | Max Temp: 40.5°C (Peppa)
📡 Tick 3453 | Max Temp: 40.5°C (Peppa)
📡 Tick 3454 | Max Temp: 40.5°C (Peppa)
📡 Tick 3455 | Max Temp: 40.5°C (Peppa)
📡 Tick 3456 | Max Temp: 40.5°C (Peppa)
📡 Tick 3457 | Max Temp: 40.5°C (Peppa)
📡 Tick 3458 | Max Temp: 40.5°C (Peppa)
📡 Tick 3459 | Max Temp: 40.5°C (Peppa)
📡 Tick 3460 | Max Temp: 40.5°C (Peppa)
📡 Tick 3461 | Max Temp: 40.5°C (Peppa)
📡 Tick 3462 | Max Temp: 40.5°C (Peppa)
📡 Tick 3463 | Max Temp: 40.5°C (Peppa)
📡 Tick 3464 | Max Temp: 40.5°C (Peppa)
📡 Tick 3465 | Max Temp: 40.5°C (Peppa)
📡 Tick 3466 | Max Temp: 40.5°C (Peppa)
📡 Tick 3467 | Max Temp: 40.5°C (Peppa)
📡 Tick 3468 | Max Temp: 40.5°C (Peppa)
📡 Tick 3469 | Max Temp: 40.5°C (Peppa)
📡 Tick 3470 | Max Temp: 40.5°C (Peppa)
📡 Tick 3471 | Max Temp: 40.5°C (Peppa)
📡 Tick 3472 | Max Temp: 40.5°C (Peppa)
📡 Tick 3473 | Max Temp: 40.5°C (Peppa)
📡 Tick 3474 | Max Temp: 40.5°C (Peppa)
📡 Tick 3475 | Max Temp: 40.5°C (Peppa)
📡 Tick 3476 | Max Temp: 40.5°C (Peppa)
📡 Tick 3477 | Max Temp: 40.5°C (Peppa)
📡 Tick 3478 | Max Temp: 40.5°C (Peppa)
📡 Tick 3479 | Max Temp: 40.5°C (Peppa)
📡 Tick 3480 | Max Temp: 40.5°C (Peppa)
📡 Tick 3481 | Max Temp: 40.5°C (Peppa)
📡 Tick 3482 | Max Temp: 40.5°C (Peppa)
📡 Tick 3483 | Max Temp: 40.5°C (Peppa)
📡 Tick 3484 | Max Temp: 40.5°C (Peppa)
📡 Tick 3485 | Max Temp: 40.5°C (Peppa)
📡 Tick 3486 | Max Temp: 40.5°C (Peppa)
📡 Tick 3487 | Max Temp: 40.5°C (Peppa)
📡 Tick 3488 | Max Temp: 40.5°C (Peppa)
📡 Tick 3489 | Max Temp: 40.5°C (Peppa)
📡 Tick 3490 | Max Temp: 40.5°C (Peppa)
📡 Tick 3491 | Max Temp: 40.5°C (Peppa)
📡 Tick 3492 | Max Temp: 40.5°C (Peppa)
📡 Tick 3493 | Max Temp: 40.5°C (Peppa)
📡 Tick 3494 | Max Temp: 40.5°C (Peppa)
📡 Tick 3495 | Max Temp: 40.5°C (Peppa)
📡 Tick 3496 | Max Temp: 40.5°C (Peppa)
📡 Tick 3497 | Max Temp: 40.5°C (Peppa)
📡 Tick 3498 | Max Temp: 40.5°C (Peppa)
📡 Tick 3499 | Max Temp: 40.5°C (Peppa)
📡 Tick 3500 | Max Temp: 40.5°C (Peppa)
📡 Tick 3501 | Max Temp: 40.5°C (Peppa)
📡 Tick 3502 | Max Temp: 40.5°C (Peppa)
📡 Tick 3503 | Max Temp: 40.5°C (Peppa)
📡 Tick 3504 | Max Temp: 40.5°C (Peppa)
📡 Tick 3505 | Max Temp: 40.5°C (Peppa)
📡 Tick 3506 | Max Temp: 40.5°C (Peppa)
📡 Tick 3507 | Max Temp: 40.5°C (Peppa)
📡 Tick 3508 | Max Temp: 40.5°C (Peppa)
📡 Tick 3509 | Max Temp: 40.5°C (Peppa)
📡 Tick 3510 | Max Temp: 40.5°C (Peppa)
📡 Tick 3511 | Max Temp: 40.5°C (Peppa)
📡 Tick 3512 | Max Temp: 40.5°C (Peppa)
📡 Tick 3513 | Max Temp: 40.5°C (Peppa)
📡 Tick 3514 | Max Temp: 40.5°C (Peppa)
📡 Tick 3515 | Max Temp: 40.5°C (Peppa)
📡 Tick 3516 | Max Temp: 40.5°C (Peppa)
📡 Tick 3517 | Max Temp: 40.5°C (Peppa)
📡 Tick 3518 | Max Temp: 40.5°C (Peppa)
📡 Tick 3519 | Max Temp: 40.5°C (Peppa)
📡 Tick 3520 | Max Temp: 40.5°C (Peppa)
📡 Tick 3521 | Max Temp: 40.5°C (Peppa)
📡 Tick 3522 | Max Temp: 40.5°C (Peppa)
📡 Tick 3523 | Max Temp: 40.5°C (Peppa)
📡 Tick 3524 | Max Temp: 40.5°C (Peppa)
📡 Tick 3525 | Max Temp: 40.5°C (Peppa)
📡 Tick 3526 | Max Temp: 40.5°C (Peppa)
📡 Tick 3527 | Max Temp: 40.5°C (Peppa)
📡 Tick 3528 | Max Temp: 40.5°C (Peppa)
📡 Tick 3529 | Max Temp: 40.5°C (Peppa)
📡 Tick 3530 | Max Temp: 40.5°C (Peppa)
📡 Tick 3531 | Max Temp: 40.5°C (Peppa)
📡 Tick 3532 | Max Temp: 40.5°C (Peppa)
📡 Tick 3533 | Max Temp: 40.5°C (Peppa)
📡 Tick 3534 | Max Temp: 40.5°C (Peppa)
📡 Tick 3535 | Max Temp: 40.5°C (Peppa)
📡 Tick 3536 | Max Temp: 40.5°C (Peppa)
📡 Tick 3537 | Max Temp: 40.5°C (Peppa)
📡 Tick 3538 | Max Temp: 40.5°C (Peppa)
📡 Tick 3539 | Max Temp: 40.5°C (Peppa)
📡 Tick 3540 | Max Temp: 40.5°C (Peppa)
📡 Tick 3541 | Max Temp: 40.5°C (Peppa)
📡 Tick 3542 | Max Temp: 40.5°C (Peppa)
📡 Tick 3543 | Max Temp: 40.5°C (Peppa)
📡 Tick 3544 | Max Temp: 40.5°C (Peppa)
📡 Tick 3545 | Max Temp: 40.5°C (Peppa)
📡 Tick 3546 | Max Temp: 40.5°C (Peppa)
📡 Tick 3547 | Max Temp: 40.5°C (Peppa)
📡 Tick 3548 | Max Temp: 40.5°C (Peppa)
📡 Tick 3549 | Max Temp: 40.5°C (Peppa)
📡 Tick 3550 | Max Temp: 40.5°C (Peppa)
📡 Tick 3551 | Max Temp: 40.5°C (Peppa)
📡 Tick 3552 | Max Temp: 40.5°C (Peppa)
📡 Tick 3553 | Max Temp: 40.5°C (Peppa)
📡 Tick 3554 | Max Temp: 40.5°C (Peppa)
📡 Tick 3555 | Max Temp: 40.5°C (Peppa)
📡 Tick 3556 | Max Temp: 40.5°C (Peppa)
📡 Tick 3557 | Max Temp: 40.5°C (Peppa)
📡 Tick 3558 | Max Temp: 40.5°C (Peppa)
📡 Tick 3559 | Max Temp: 40.5°C (Peppa)
📡 Tick 3560 | Max Temp: 40.5°C (Peppa)
📡 Tick 3561 | Max Temp: 40.5°C (Peppa)
📡 Tick 3562 | Max Temp: 40.5°C (Peppa)
📡 Tick 3563 | Max Temp: 40.5°C (Peppa)
📡 Tick 3564 | Max Temp: 40.5°C (Peppa)
📡 Tick 3565 | Max Temp: 40.5°C (Peppa)
📡 Tick 3566 | Max Temp: 40.5°C (Peppa)
📡 Tick 3567 | Max Temp: 40.5°C (Peppa)
📡 Tick 3568 | Max Temp: 40.5°C (Peppa)
📡 Tick 3569 | Max Temp: 40.5°C (Peppa)
📡 Tick 3570 | Max Temp: 40.5°C (Peppa)
📡 Tick 3571 | Max Temp: 40.5°C (Peppa)
📡 Tick 3572 | Max Temp: 40.5°C (Peppa)
📡 Tick 3573 | Max Temp: 40.5°C (Peppa)
📡 Tick 3574 | Max Temp: 40.5°C (Peppa)
📡 Tick 3575 | Max Temp: 40.5°C (Peppa)
📡 Tick 3576 | Max Temp: 40.5°C (Peppa)
📡 Tick 3577 | Max Temp: 40.5°C (Peppa)
📡 Tick 3578 | Max Temp: 40.5°C (Peppa)
📡 Tick 3579 | Max Temp: 40.5°C (Peppa)
📡 Tick 3580 | Max Temp: 40.5°C (Peppa)
📡 Tick 3581 | Max Temp: 40.5°C (Peppa)
📡 Tick 3582 | Max Temp: 40.5°C (Peppa)
📡 Tick 3583 | Max Temp: 40.5°C (Peppa)
📡 Tick 3584 | Max Temp: 40.5°C (Peppa)
📡 Tick 3585 | Max Temp: 40.5°C (Peppa)
📡 Tick 3586 | Max Temp: 40.5°C (Peppa)
📡 Tick 3587 | Max Temp: 40.5°C (Peppa)
📡 Tick 3588 | Max Temp: 40.5°C (Peppa)
📡 Tick 3589 | Max Temp: 40.5°C (Peppa)
📡 Tick 3590 | Max Temp: 40.5°C (Peppa)
📡 Tick 3591 | Max Temp: 40.5°C (Peppa)
📡 Tick 3592 | Max Temp: 40.5°C (Peppa)
📡 Tick 3593 | Max Temp: 40.5°C (Peppa)
📡 Tick 3594 | Max Temp: 40.5°C (Peppa)
📡 Tick 3595 | Max Temp: 40.5°C (Peppa)
📡 Tick 3596 | Max Temp: 40.5°C (Peppa)
📡 Tick 3597 | Max Temp: 40.5°C (Peppa)
📡 Tick 3598 | Max Temp: 40.5°C (Peppa)
📡 Tick 3599 | Max Temp: 40.5°C (Peppa)
📡 Tick 3600 | Max Temp: 40.5°C (Peppa)
📡 Tick 3601 | Max Temp: 40.5°C (Peppa)
📡 Tick 3602 | Max Temp: 40.5°C (Peppa)
📡 Tick 3603 | Max Temp: 40.5°C (Peppa)
📡 Tick 3604 | Max Temp: 40.5°C (Peppa)
📡 Tick 3605 | Max Temp: 40.5°C (Peppa)
📡 Tick 3606 | Max Temp: 40.5°C (Peppa)
📡 Tick 3607 | Max Temp: 40.5°C (Peppa)
📡 Tick 3608 | Max Temp: 40.5°C (Peppa)
📡 Tick 3609 | Max Temp: 40.5°C (Peppa)
📡 Tick 3610 | Max Temp: 40.5°C (Peppa)
📡 Tick 3611 | Max Temp: 40.5°C (Peppa)
📡 Tick 3612 | Max Temp: 40.5°C (Peppa)
📡 Tick 3613 | Max Temp: 40.5°C (Peppa)
📡 Tick 3614 | Max Temp: 40.5°C (Peppa)
📡 Tick 3615 | Max Temp: 40.5°C (Peppa)
📡 Tick 3616 | Max Temp: 40.5°C (Peppa)
📡 Tick 3617 | Max Temp: 40.5°C (Peppa)
📡 Tick 3618 | Max Temp: 40.5°C (Peppa)
📡 Tick 3619 | Max Temp: 40.5°C (Peppa)
📡 Tick 3620 | Max Temp: 40.5°C (Peppa)
📡 Tick 3621 | Max Temp: 40.5°C (Peppa)
📡 Tick 3622 | Max Temp: 40.5°C (Peppa)
📡 Tick 3623 | Max Temp: 40.5°C (Peppa)
📡 Tick 3624 | Max Temp: 40.5°C (Peppa)
📡 Tick 3625 | Max Temp: 40.5°C (Peppa)
📡 Tick 3626 | Max Temp: 40.5°C (Peppa)
📡 Tick 3627 | Max Temp: 40.5°C (Peppa)
📡 Tick 3628 | Max Temp: 40.5°C (Peppa)
📡 Tick 3629 | Max Temp: 40.5°C (Peppa)
📡 Tick 3630 | Max Temp: 40.5°C (Peppa)
📡 Tick 3631 | Max Temp: 40.5°C (Peppa)
📡 Tick 3632 | Max Temp: 40.5°C (Peppa)
📡 Tick 3633 | Max Temp: 40.5°C (Peppa)
📡 Tick 3634 | Max Temp: 40.5°C (Peppa)
📡 Tick 3635 | Max Temp: 40.5°C (Peppa)
📡 Tick 3636 | Max Temp: 40.5°C (Peppa)
📡 Tick 3637 | Max Temp: 40.5°C (Peppa)
📡 Tick 3638 | Max Temp: 40.5°C (Peppa)
📡 Tick 3639 | Max Temp: 40.5°C (Peppa)
📡 Tick 3640 | Max Temp: 40.5°C (Peppa)
📡 Tick 3641 | Max Temp: 40.5°C (Peppa)
📡 Tick 3642 | Max Temp: 40.5°C (Peppa)
📡 Tick 3643 | Max Temp: 40.5°C (Peppa)
📡 Tick 3644 | Max Temp: 40.5°C (Peppa)
📡 Tick 3645 | Max Temp: 40.5°C (Peppa)
📡 Tick 3646 | Max Temp: 40.5°C (Peppa)
📡 Tick 3647 | Max Temp: 40.5°C (Peppa)
📡 Tick 3648 | Max Temp: 40.5°C (Peppa)
📡 Tick 3649 | Max Temp: 40.5°C (Peppa)
📡 Tick 3650 | Max Temp: 40.5°C (Peppa)
📡 Tick 3651 | Max Temp: 40.5°C (Peppa)
📡 Tick 3652 | Max Temp: 40.5°C (Peppa)
📡 Tick 3653 | Max Temp: 40.5°C (Peppa)
📡 Tick 3654 | Max Temp: 40.5°C (Peppa)
📡 Tick 3655 | Max Temp: 40.5°C (Peppa)
📡 Tick 3656 | Max Temp: 40.5°C (Peppa)
📡 Tick 3657 | Max Temp: 40.5°C (Peppa)
📡 Tick 3658 | Max Temp: 40.5°C (Peppa)
📡 Tick 3659 | Max Temp: 40.5°C (Peppa)
📡 Tick 3660 | Max Temp: 40.5°C (Peppa)
📡 Tick 3661 | Max Temp: 40.5°C (Peppa)
📡 Tick 3662 | Max Temp: 40.5°C (Peppa)
📡 Tick 3663 | Max Temp: 40.5°C (Peppa)
📡 Tick 3664 | Max Temp: 40.5°C (Peppa)
📡 Tick 3665 | Max Temp: 40.5°C (Peppa)
📡 Tick 3666 | Max Temp: 40.5°C (Peppa)
📡 Tick 3667 | Max Temp: 40.5°C (Peppa)
📡 Tick 3668 | Max Temp: 40.5°C (Peppa)
📡 Tick 3669 | Max Temp: 40.5°C (Peppa)
📡 Tick 3670 | Max Temp: 40.5°C (Peppa)
📡 Tick 3671 | Max Temp: 40.5°C (Peppa)
📡 Tick 3672 | Max Temp: 40.5°C (Peppa)
📡 Tick 3673 | Max Temp: 40.5°C (Peppa)
📡 Tick 3674 | Max Temp: 40.5°C (Peppa)
📡 Tick 3675 | Max Temp: 40.5°C (Peppa)
📡 Tick 3676 | Max Temp: 40.5°C (Peppa)
📡 Tick 3677 | Max Temp: 40.5°C (Peppa)
📡 Tick 3678 | Max Temp: 40.5°C (Peppa)
📡 Tick 3679 | Max Temp: 40.5°C (Peppa)
📡 Tick 3680 | Max Temp: 40.5°C (Peppa)
📡 Tick 3681 | Max Temp: 40.5°C (Peppa)
📡 Tick 3682 | Max Temp: 40.5°C (Peppa)
📡 Tick 3683 | Max Temp: 40.5°C (Peppa)
📡 Tick 3684 | Max Temp: 40.5°C (Peppa)
📡 Tick 3685 | Max Temp: 40.5°C (Peppa)
📡 Tick 3686 | Max Temp: 40.5°C (Peppa)
📡 Tick 3687 | Max Temp: 40.5°C (Peppa)
📡 Tick 3688 | Max Temp: 40.5°C (Peppa)
📡 Tick 3689 | Max Temp: 40.5°C (Peppa)
📡 Tick 3690 | Max Temp: 40.5°C (Peppa)
📡 Tick 3691 | Max Temp: 40.5°C (Peppa)
📡 Tick 3692 | Max Temp: 40.5°C (Peppa)
📡 Tick 3693 | Max Temp: 40.5°C (Peppa)
📡 Tick 3694 | Max Temp: 40.5°C (Peppa)
📡 Tick 3695 | Max Temp: 40.5°C (Peppa)
📡 Tick 3696 | Max Temp: 40.5°C (Peppa)
📡 Tick 3697 | Max Temp: 40.5°C (Peppa)
📡 Tick 3698 | Max Temp: 40.5°C (Peppa)
📡 Tick 3699 | Max Temp: 40.5°C (Peppa)
📡 Tick 3700 | Max Temp: 40.5°C (Peppa)
📡 Tick 3701 | Max Temp: 40.5°C (Peppa)
📡 Tick 3702 | Max Temp: 40.5°C (Peppa)
📡 Tick 3703 | Max Temp: 40.5°C (Peppa)
📡 Tick 3704 | Max Temp: 40.5°C (Peppa)
📡 Tick 3705 | Max Temp: 40.5°C (Peppa)
📡 Tick 3706 | Max Temp: 40.5°C (Peppa)
📡 Tick 3707 | Max Temp: 40.5°C (Peppa)
📡 Tick 3708 | Max Temp: 40.5°C (Peppa)
📡 Tick 3709 | Max Temp: 40.5°C (Peppa)
📡 Tick 3710 | Max Temp: 40.5°C (Peppa)
📡 Tick 3711 | Max Temp: 40.5°C (Peppa)
📡 Tick 3712 | Max Temp: 40.5°C (Peppa)
📡 Tick 3713 | Max Temp: 40.5°C (Peppa)
📡 Tick 3714 | Max Temp: 40.5°C (Peppa)
📡 Tick 3715 | Max Temp: 40.5°C (Peppa)
📡 Tick 3716 | Max Temp: 40.5°C (Peppa)
📡 Tick 3717 | Max Temp: 40.5°C (Peppa)
📡 Tick 3718 | Max Temp: 40.5°C (Peppa)
📡 Tick 3719 | Max Temp: 40.5°C (Peppa)
📡 Tick 3720 | Max Temp: 40.5°C (Peppa)
📡 Tick 3721 | Max Temp: 40.5°C (Peppa)
📡 Tick 3722 | Max Temp: 40.5°C (Peppa)
📡 Tick 3723 | Max Temp: 40.5°C (Peppa)
📡 Tick 3724 | Max Temp: 40.5°C (Peppa)
📡 Tick 3725 | Max Temp: 40.5°C (Peppa)
📡 Tick 3726 | Max Temp: 40.5°C (Peppa)
📡 Tick 3727 | Max Temp: 40.5°C (Peppa)
📡 Tick 3728 | Max Temp: 40.5°C (Peppa)
📡 Tick 3729 | Max Temp: 40.5°C (Peppa)
📡 Tick 3730 | Max Temp: 40.5°C (Peppa)
📡 Tick 3731 | Max Temp: 40.5°C (Peppa)
📡 Tick 3732 | Max Temp: 40.5°C (Peppa)
📡 Tick 3733 | Max Temp: 40.5°C (Peppa)
📡 Tick 3734 | Max Temp: 40.5°C (Peppa)
📡 Tick 3735 | Max Temp: 40.5°C (Peppa)
📡 Tick 3736 | Max Temp: 40.5°C (Peppa)
📡 Tick 3737 | Max Temp: 40.5°C (Peppa)
📡 Tick 3738 | Max Temp: 40.5°C (Peppa)
📡 Tick 3739 | Max Temp: 40.5°C (Peppa)
📡 Tick 3740 | Max Temp: 40.5°C (Peppa)
📡 Tick 3741 | Max Temp: 40.5°C (Peppa)
📡 Tick 3742 | Max Temp: 40.5°C (Peppa)
📡 Tick 3743 | Max Temp: 40.5°C (Peppa)
📡 Tick 3744 | Max Temp: 40.5°C (Peppa)
📡 Tick 3745 | Max Temp: 40.5°C (Peppa)
📡 Tick 3746 | Max Temp: 40.5°C (Peppa)
📡 Tick 3747 | Max Temp: 40.5°C (Peppa)
📡 Tick 3748 | Max Temp: 40.5°C (Peppa)
📡 Tick 3749 | Max Temp: 40.5°C (Peppa)
📡 Tick 3750 | Max Temp: 40.5°C (Peppa)
📡 Tick 3751 | Max Temp: 40.5°C (Peppa)
📡 Tick 3752 | Max Temp: 40.5°C (Peppa)
📡 Tick 3753 | Max Temp: 40.5°C (Peppa)
📡 Tick 3754 | Max Temp: 40.5°C (Peppa)
📡 Tick 3755 | Max Temp: 40.5°C (Peppa)
📡 Tick 3756 | Max Temp: 40.5°C (Peppa)
📡 Tick 3757 | Max Temp: 40.5°C (Peppa)
📡 Tick 3758 | Max Temp: 40.5°C (Peppa)
📡 Tick 3759 | Max Temp: 40.5°C (Peppa)
📡 Tick 3760 | Max Temp: 40.5°C (Peppa)
📡 Tick 3761 | Max Temp: 40.5°C (Peppa)
📡 Tick 3762 | Max Temp: 40.5°C (Peppa)
📡 Tick 3763 | Max Temp: 40.5°C (Peppa)
📡 Tick 3764 | Max Temp: 40.5°C (Peppa)
📡 Tick 3765 | Max Temp: 40.5°C (Peppa)
📡 Tick 3766 | Max Temp: 40.5°C (Peppa)
📡 Tick 3767 | Max Temp: 40.5°C (Peppa)
📡 Tick 3768 | Max Temp: 40.5°C (Peppa)
📡 Tick 3769 | Max Temp: 40.5°C (Peppa)
📡 Tick 3770 | Max Temp: 40.5°C (Peppa)
📡 Tick 3771 | Max Temp: 40.5°C (Peppa)
📡 Tick 3772 | Max Temp: 40.5°C (Peppa)
📡 Tick 3773 | Max Temp: 40.5°C (Peppa)
📡 Tick 3774 | Max Temp: 40.5°C (Peppa)
📡 Tick 3775 | Max Temp: 40.5°C (Peppa)
📡 Tick 3776 | Max Temp: 40.5°C (Peppa)
📡 Tick 3777 | Max Temp: 40.5°C (Peppa)
📡 Tick 3778 | Max Temp: 40.5°C (Peppa)
📡 Tick 3779 | Max Temp: 40.5°C (Peppa)
📡 Tick 3780 | Max Temp: 40.5°C (Peppa)
📡 Tick 3781 | Max Temp: 40.5°C (Peppa)
📡 Tick 3782 | Max Temp: 40.5°C (Peppa)
📡 Tick 3783 | Max Temp: 40.5°C (Peppa)
📡 Tick 3784 | Max Temp: 40.5°C (Peppa)
📡 Tick 3785 | Max Temp: 40.5°C (Peppa)
📡 Tick 3786 | Max Temp: 40.5°C (Peppa)
📡 Tick 3787 | Max Temp: 40.5°C (Peppa)
📡 Tick 3788 | Max Temp: 40.5°C (Peppa)
📡 Tick 3789 | Max Temp: 40.5°C (Peppa)
📡 Tick 3790 | Max Temp: 40.5°C (Peppa)
📡 Tick 3791 | Max Temp: 40.5°C (Peppa)
📡 Tick 3792 | Max Temp: 40.5°C (Peppa)
📡 Tick 3793 | Max Temp: 40.5°C (Peppa)
📡 Tick 3794 | Max Temp: 40.5°C (Peppa)
📡 Tick 3795 | Max Temp: 40.5°C (Peppa)
📡 Tick 3796 | Max Temp: 40.5°C (Peppa)
📡 Tick 3797 | Max Temp: 40.5°C (Peppa)
📡 Tick 3798 | Max Temp: 40.5°C (Peppa)
📡 Tick 3799 | Max Temp: 40.5°C (Peppa)
📡 Tick 3800 | Max Temp: 40.5°C (Peppa)
📡 Tick 3801 | Max Temp: 40.5°C (Peppa)
📡 Tick 3802 | Max Temp: 40.5°C (Peppa)
📡 Tick 3803 | Max Temp: 40.5°C (Peppa)
📡 Tick 3804 | Max Temp: 40.5°C (Peppa)
📡 Tick 3805 | Max Temp: 40.5°C (Peppa)
📡 Tick 3806 | Max Temp: 40.5°C (Peppa)
📡 Tick 3807 | Max Temp: 40.5°C (Peppa)
📡 Tick 3808 | Max Temp: 40.5°C (Peppa)
📡 Tick 3809 | Max Temp: 40.5°C (Peppa)
📡 Tick 3810 | Max Temp: 40.5°C (Peppa)
📡 Tick 3811 | Max Temp: 40.5°C (Peppa)
📡 Tick 3812 | Max Temp: 40.5°C (Peppa)
📡 Tick 3813 | Max Temp: 40.5°C (Peppa)
📡 Tick 3814 | Max Temp: 40.5°C (Peppa)
📡 Tick 3815 | Max Temp: 40.5°C (Peppa)
📡 Tick 3816 | Max Temp: 40.5°C (Peppa)
📡 Tick 3817 | Max Temp: 40.5°C (Peppa)
📡 Tick 3818 | Max Temp: 40.5°C (Peppa)
📡 Tick 3819 | Max Temp: 40.5°C (Peppa)
📡 Tick 3820 | Max Temp: 40.5°C (Peppa)
📡 Tick 3821 | Max Temp: 40.5°C (Peppa)
📡 Tick 3822 | Max Temp: 40.5°C (Peppa)
📡 Tick 3823 | Max Temp: 40.5°C (Peppa)
📡 Tick 3824 | Max Temp: 40.5°C (Peppa)
📡 Tick 3825 | Max Temp: 40.5°C (Peppa)
📡 Tick 3826 | Max Temp: 40.5°C (Peppa)
📡 Tick 3827 | Max Temp: 40.5°C (Peppa)
📡 Tick 3828 | Max Temp: 40.5°C (Peppa)
📡 Tick 3829 | Max Temp: 40.5°C (Peppa)
📡 Tick 3830 | Max Temp: 40.5°C (Peppa)
📡 Tick 3831 | Max Temp: 40.5°C (Peppa)
📡 Tick 3832 | Max Temp: 40.5°C (Peppa)
📡 Tick 3833 | Max Temp: 40.5°C (Peppa)
📡 Tick 3834 | Max Temp: 40.5°C (Peppa)
📡 Tick 3835 | Max Temp: 40.5°C (Peppa)
📡 Tick 3836 | Max Temp: 40.5°C (Peppa)
📡 Tick 3837 | Max Temp: 40.5°C (Peppa)
📡 Tick 3838 | Max Temp: 40.5°C (Peppa)
📡 Tick 3839 | Max Temp: 40.5°C (Peppa)
📡 Tick 3840 | Max Temp: 40.5°C (Peppa)
📡 Tick 3841 | Max Temp: 40.5°C (Peppa)
📡 Tick 3842 | Max Temp: 40.5°C (Peppa)
📡 Tick 3843 | Max Temp: 40.5°C (Peppa)
📡 Tick 3844 | Max Temp: 40.5°C (Peppa)
📡 Tick 3845 | Max Temp: 40.5°C (Peppa)
📡 Tick 3846 | Max Temp: 40.5°C (Peppa)
📡 Tick 3847 | Max Temp: 40.5°C (Peppa)
📡 Tick 3848 | Max Temp: 40.5°C (Peppa)
📡 Tick 3849 | Max Temp: 40.5°C (Peppa)
📡 Tick 3850 | Max Temp: 40.5°C (Peppa)
📡 Tick 3851 | Max Temp: 40.5°C (Peppa)
📡 Tick 3852 | Max Temp: 40.5°C (Peppa)
📡 Tick 3853 | Max Temp: 40.5°C (Peppa)
📡 Tick 3854 | Max Temp: 40.5°C (Peppa)
📡 Tick 3855 | Max Temp: 40.5°C (Peppa)
📡 Tick 3856 | Max Temp: 40.5°C (Peppa)
📡 Tick 3857 | Max Temp: 40.5°C (Peppa)
📡 Tick 3858 | Max Temp: 40.5°C (Peppa)
📡 Tick 3859 | Max Temp: 40.5°C (Peppa)
📡 Tick 3860 | Max Temp: 40.5°C (Peppa)
📡 Tick 3861 | Max Temp: 40.5°C (Peppa)
📡 Tick 3862 | Max Temp: 40.5°C (Peppa)
📡 Tick 3863 | Max Temp: 40.5°C (Peppa)
📡 Tick 3864 | Max Temp: 40.5°C (Peppa)
📡 Tick 3865 | Max Temp: 40.5°C (Peppa)
📡 Tick 3866 | Max Temp: 40.5°C (Peppa)
📡 Tick 3867 | Max Temp: 40.5°C (Peppa)
📡 Tick 3868 | Max Temp: 40.5°C (Peppa)
📡 Tick 3869 | Max Temp: 40.5°C (Peppa)
📡 Tick 3870 | Max Temp: 40.5°C (Peppa)
📡 Tick 3871 | Max Temp: 40.5°C (Peppa)
📡 Tick 3872 | Max Temp: 40.5°C (Peppa)
📡 Tick 3873 | Max Temp: 40.5°C (Peppa)
📡 Tick 3874 | Max Temp: 40.5°C (Peppa)
📡 Tick 3875 | Max Temp: 40.5°C (Peppa)
📡 Tick 3876 | Max Temp: 40.5°C (Peppa)
📡 Tick 3877 | Max Temp: 40.5°C (Peppa)
📡 Tick 3878 | Max Temp: 40.5°C (Peppa)
📡 Tick 3879 | Max Temp: 40.5°C (Peppa)
📡 Tick 3880 | Max Temp: 40.5°C (Peppa)
📡 Tick 3881 | Max Temp: 40.5°C (Peppa)
📡 Tick 3882 | Max Temp: 40.5°C (Peppa)
📡 Tick 3883 | Max Temp: 40.5°C (Peppa)
📡 Tick 3884 | Max Temp: 40.5°C (Peppa)
📡 Tick 3885 | Max Temp: 40.5°C (Peppa)
📡 Tick 3886 | Max Temp: 40.5°C (Peppa)
📡 Tick 3887 | Max Temp: 40.5°C (Peppa)
📡 Tick 3888 | Max Temp: 40.5°C (Peppa)
📡 Tick 3889 | Max Temp: 40.5°C (Peppa)
📡 Tick 3890 | Max Temp: 40.5°C (Peppa)
📡 Tick 3891 | Max Temp: 40.5°C (Peppa)
📡 Tick 3892 | Max Temp: 40.5°C (Peppa)
📡 Tick 3893 | Max Temp: 40.5°C (Peppa)
📡 Tick 3894 | Max Temp: 40.5°C (Peppa)
📡 Tick 3895 | Max Temp: 40.5°C (Peppa)
📡 Tick 3896 | Max Temp: 40.5°C (Peppa)
📡 Tick 3897 | Max Temp: 40.5°C (Peppa)
📡 Tick 3898 | Max Temp: 40.5°C (Peppa)
📡 Tick 3899 | Max Temp: 40.5°C (Peppa)
📡 Tick 3900 | Max Temp: 40.5°C (Peppa)
📡 Tick 3901 | Max Temp: 40.5°C (Peppa)
📡 Tick 3902 | Max Temp: 40.5°C (Peppa)
📡 Tick 3903 | Max Temp: 40.5°C (Peppa)
📡 Tick 3904 | Max Temp: 40.5°C (Peppa)
📡 Tick 3905 | Max Temp: 40.5°C (Peppa)
📡 Tick 3906 | Max Temp: 40.5°C (Peppa)
📡 Tick 3907 | Max Temp: 40.5°C (Peppa)
📡 Tick 3908 | Max Temp: 40.5°C (Peppa)
📡 Tick 3909 | Max Temp: 40.5°C (Peppa)
📡 Tick 3910 | Max Temp: 40.5°C (Peppa)
📡 Tick 3911 | Max Temp: 40.5°C (Peppa)
📡 Tick 3912 | Max Temp: 40.5°C (Peppa)
📡 Tick 3913 | Max Temp: 40.5°C (Peppa)
📡 Tick 3914 | Max Temp: 40.5°C (Peppa)
📡 Tick 3915 | Max Temp: 40.5°C (Peppa)
📡 Tick 3916 | Max Temp: 40.5°C (Peppa)
📡 Tick 3917 | Max Temp: 40.5°C (Peppa)
📡 Tick 3918 | Max Temp: 40.5°C (Peppa)
📡 Tick 3919 | Max Temp: 40.5°C (Peppa)
📡 Tick 3920 | Max Temp: 40.5°C (Peppa)
📡 Tick 3921 | Max Temp: 40.5°C (Peppa)
📡 Tick 3922 | Max Temp: 40.5°C (Peppa)
📡 Tick 3923 | Max Temp: 40.5°C (Peppa)
📡 Tick 3924 | Max Temp: 40.5°C (Peppa)
📡 Tick 3925 | Max Temp: 40.5°C (Peppa)
📡 Tick 3926 | Max Temp: 40.5°C (Peppa)
📡 Tick 3927 | Max Temp: 40.5°C (Peppa)
📡 Tick 3928 | Max Temp: 40.5°C (Peppa)
📡 Tick 3929 | Max Temp: 40.5°C (Peppa)
📡 Tick 3930 | Max Temp: 40.5°C (Peppa)
📡 Tick 3931 | Max Temp: 40.5°C (Peppa)
📡 Tick 3932 | Max Temp: 40.5°C (Peppa)
📡 Tick 3933 | Max Temp: 40.5°C (Peppa)
📡 Tick 3934 | Max Temp: 40.5°C (Peppa)
📡 Tick 3935 | Max Temp: 40.5°C (Peppa)
📡 Tick 3936 | Max Temp: 40.5°C (Peppa)
📡 Tick 3937 | Max Temp: 40.5°C (Peppa)
📡 Tick 3938 | Max Temp: 40.5°C (Peppa)
📡 Tick 3939 | Max Temp: 40.5°C (Peppa)
📡 Tick 3940 | Max Temp: 40.5°C (Peppa)
📡 Tick 3941 | Max Temp: 40.5°C (Peppa)
📡 Tick 3942 | Max Temp: 40.5°C (Peppa)
📡 Tick 3943 | Max Temp: 40.5°C (Peppa)
📡 Tick 3944 | Max Temp: 40.5°C (Peppa)
📡 Tick 3945 | Max Temp: 40.5°C (Peppa)
📡 Tick 3946 | Max Temp: 40.5°C (Peppa)
📡 Tick 3947 | Max Temp: 40.5°C (Peppa)
📡 Tick 3948 | Max Temp: 40.5°C (Peppa)
📡 Tick 3949 | Max Temp: 40.5°C (Peppa)
📡 Tick 3950 | Max Temp: 40.5°C (Peppa)
📡 Tick 3951 | Max Temp: 40.5°C (Peppa)
📡 Tick 3952 | Max Temp: 40.5°C (Peppa)
📡 Tick 3953 | Max Temp: 40.5°C (Peppa)
📡 Tick 3954 | Max Temp: 40.5°C (Peppa)
📡 Tick 3955 | Max Temp: 40.5°C (Peppa)
📡 Tick 3956 | Max Temp: 40.5°C (Peppa)
📡 Tick 3957 | Max Temp: 40.5°C (Peppa)
📡 Tick 3958 | Max Temp: 40.5°C (Peppa)
📡 Tick 3959 | Max Temp: 40.5°C (Peppa)
📡 Tick 3960 | Max Temp: 40.5°C (Peppa)
📡 Tick 3961 | Max Temp: 40.5°C (Peppa)
📡 Tick 3962 | Max Temp: 40.5°C (Peppa)
📡 Tick 3963 | Max Temp: 40.5°C (Peppa)
📡 Tick 3964 | Max Temp: 40.5°C (Peppa)
📡 Tick 3965 | Max Temp: 40.5°C (Peppa)
📡 Tick 3966 | Max Temp: 40.5°C (Peppa)
📡 Tick 3967 | Max Temp: 40.5°C (Peppa)
📡 Tick 3968 | Max Temp: 40.5°C (Peppa)
📡 Tick 3969 | Max Temp: 40.5°C (Peppa)
📡 Tick 3970 | Max Temp: 40.5°C (Peppa)
📡 Tick 3971 | Max Temp: 40.5°C (Peppa)
📡 Tick 3972 | Max Temp: 40.5°C (Peppa)
📡 Tick 3973 | Max Temp: 40.5°C (Peppa)
📡 Tick 3974 | Max Temp: 40.5°C (Peppa)
📡 Tick 3975 | Max Temp: 40.5°C (Peppa)
📡 Tick 3976 | Max Temp: 40.5°C (Peppa)
📡 Tick 3977 | Max Temp: 40.5°C (Peppa)
📡 Tick 3978 | Max Temp: 40.5°C (Peppa)
📡 Tick 3979 | Max Temp: 40.5°C (Peppa)
📡 Tick 3980 | Max Temp: 40.5°C (Peppa)
📡 Tick 3981 | Max Temp: 40.5°C (Peppa)
📡 Tick 3982 | Max Temp: 40.5°C (Peppa)
📡 Tick 3983 | Max Temp: 40.5°C (Peppa)
📡 Tick 3984 | Max Temp: 40.5°C (Peppa)
📡 Tick 3985 | Max Temp: 40.5°C (Peppa)
📡 Tick 3986 | Max Temp: 40.5°C (Peppa)
📡 Tick 3987 | Max Temp: 40.5°C (Peppa)
📡 Tick 3988 | Max Temp: 40.5°C (Peppa)
📡 Tick 3989 | Max Temp: 40.5°C (Peppa)
📡 Tick 3990 | Max Temp: 40.5°C (Peppa)
📡 Tick 3991 | Max Temp: 40.5°C (Peppa)
📡 Tick 3992 | Max Temp: 40.5°C (Peppa)
📡 Tick 3993 | Max Temp: 40.5°C (Peppa)
📡 Tick 3994 | Max Temp: 40.5°C (Peppa)
📡 Tick 3995 | Max Temp: 40.5°C (Peppa)
📡 Tick 3996 | Max Temp: 40.5°C (Peppa)
📡 Tick 3997 | Max Temp: 40.5°C (Peppa)
📡 Tick 3998 | Max Temp: 40.5°C (Peppa)
📡 Tick 3999 | Max Temp: 40.5°C (Peppa)
📡 Tick 4000 | Max Temp: 40.5°C (Peppa)
📡 Tick 4001 | Max Temp: 40.5°C (Peppa)
📡 Tick 4002 | Max Temp: 40.5°C (Peppa)
📡 Tick 4003 | Max Temp: 40.5°C (Peppa)
📡 Tick 4004 | Max Temp: 40.5°C (Peppa)
📡 Tick 4005 | Max Temp: 40.5°C (Peppa)
📡 Tick 4006 | Max Temp: 40.5°C (Peppa)
📡 Tick 4007 | Max Temp: 40.5°C (Peppa)
📡 Tick 4008 | Max Temp: 40.5°C (Peppa)
📡 Tick 4009 | Max Temp: 40.5°C (Peppa)
📡 Tick 4010 | Max Temp: 40.5°C (Peppa)
📡 Tick 4011 | Max Temp: 40.5°C (Peppa)
📡 Tick 4012 | Max Temp: 40.5°C (Peppa)
📡 Tick 4013 | Max Temp: 40.5°C (Peppa)
📡 Tick 4014 | Max Temp: 40.5°C (Peppa)
📡 Tick 4015 | Max Temp: 40.5°C (Peppa)
📡 Tick 4016 | Max Temp: 40.5°C (Peppa)
📡 Tick 4017 | Max Temp: 40.5°C (Peppa)
📡 Tick 4018 | Max Temp: 40.5°C (Peppa)
📡 Tick 4019 | Max Temp: 40.5°C (Peppa)
📡 Tick 4020 | Max Temp: 40.5°C (Peppa)
📡 Tick 4021 | Max Temp: 40.5°C (Peppa)
📡 Tick 4022 | Max Temp: 40.5°C (Peppa)
📡 Tick 4023 | Max Temp: 40.5°C (Peppa)
📡 Tick 4024 | Max Temp: 40.5°C (Peppa)
📡 Tick 4025 | Max Temp: 40.5°C (Peppa)
📡 Tick 4026 | Max Temp: 40.5°C (Peppa)
📡 Tick 4027 | Max Temp: 40.5°C (Peppa)
📡 Tick 4028 | Max Temp: 40.5°C (Peppa)
📡 Tick 4029 | Max Temp: 40.5°C (Peppa)
📡 Tick 4030 | Max Temp: 40.5°C (Peppa)
📡 Tick 4031 | Max Temp: 40.5°C (Peppa)
📡 Tick 4032 | Max Temp: 40.5°C (Peppa)
📡 Tick 4033 | Max Temp: 40.5°C (Peppa)
📡 Tick 4034 | Max Temp: 40.5°C (Peppa)
📡 Tick 4035 | Max Temp: 40.5°C (Peppa)
📡 Tick 4036 | Max Temp: 40.5°C (Peppa)
📡 Tick 4037 | Max Temp: 40.5°C (Peppa)
📡 Tick 4038 | Max Temp: 40.5°C (Peppa)
📡 Tick 4039 | Max Temp: 40.5°C (Peppa)
📡 Tick 4040 | Max Temp: 40.5°C (Peppa)
📡 Tick 4041 | Max Temp: 40.5°C (Peppa)
📡 Tick 4042 | Max Temp: 40.5°C (Peppa)
📡 Tick 4043 | Max Temp: 40.5°C (Peppa)
📡 Tick 4044 | Max Temp: 40.5°C (Peppa)
📡 Tick 4045 | Max Temp: 40.5°C (Peppa)
📡 Tick 4046 | Max Temp: 40.5°C (Peppa)
📡 Tick 4047 | Max Temp: 40.5°C (Peppa)
📡 Tick 4048 | Max Temp: 40.5°C (Peppa)
📡 Tick 4049 | Max Temp: 40.5°C (Peppa)
📡 Tick 4050 | Max Temp: 40.5°C (Peppa)
📡 Tick 4051 | Max Temp: 40.5°C (Peppa)
📡 Tick 4052 | Max Temp: 40.5°C (Peppa)
📡 Tick 4053 | Max Temp: 40.5°C (Peppa)
📡 Tick 4054 | Max Temp: 40.5°C (Peppa)
📡 Tick 4055 | Max Temp: 40.5°C (Peppa)
📡 Tick 4056 | Max Temp: 40.5°C (Peppa)
📡 Tick 4057 | Max Temp: 40.5°C (Peppa)
📡 Tick 4058 | Max Temp: 40.5°C (Peppa)
📡 Tick 4059 | Max Temp: 40.5°C (Peppa)
📡 Tick 4060 | Max Temp: 40.5°C (Peppa)
📡 Tick 4061 | Max Temp: 40.5°C (Peppa)
📡 Tick 4062 | Max Temp: 40.5°C (Peppa)
📡 Tick 4063 | Max Temp: 40.5°C (Peppa)
📡 Tick 4064 | Max Temp: 40.5°C (Peppa)
📡 Tick 4065 | Max Temp: 40.5°C (Peppa)
📡 Tick 4066 | Max Temp: 40.5°C (Peppa)
📡 Tick 4067 | Max Temp: 40.5°C (Peppa)
📡 Tick 4068 | Max Temp: 40.5°C (Peppa)
📡 Tick 4069 | Max Temp: 40.5°C (Peppa)
📡 Tick 4070 | Max Temp: 40.5°C (Peppa)
📡 Tick 4071 | Max Temp: 40.5°C (Peppa)
📡 Tick 4072 | Max Temp: 40.5°C (Peppa)
📡 Tick 4073 | Max Temp: 40.5°C (Peppa)
📡 Tick 4074 | Max Temp: 40.5°C (Peppa)
📡 Tick 4075 | Max Temp: 40.5°C (Peppa)
📡 Tick 4076 | Max Temp: 40.5°C (Peppa)
📡 Tick 4077 | Max Temp: 40.5°C (Peppa)
📡 Tick 4078 | Max Temp: 40.5°C (Peppa)
📡 Tick 4079 | Max Temp: 40.5°C (Peppa)
📡 Tick 4080 | Max Temp: 40.5°C (Peppa)
📡 Tick 4081 | Max Temp: 40.5°C (Peppa)
📡 Tick 4082 | Max Temp: 40.5°C (Peppa)
📡 Tick 4083 | Max Temp: 40.5°C (Peppa)
📡 Tick 4084 | Max Temp: 40.5°C (Peppa)
📡 Tick 4085 | Max Temp: 40.5°C (Peppa)
📡 Tick 4086 | Max Temp: 40.5°C (Peppa)
📡 Tick 4087 | Max Temp: 40.5°C (Peppa)
📡 Tick 4088 | Max Temp: 40.5°C (Peppa)
📡 Tick 4089 | Max Temp: 40.5°C (Peppa)
📡 Tick 4090 | Max Temp: 40.5°C (Peppa)
📡 Tick 4091 | Max Temp: 40.5°C (Peppa)
📡 Tick 4092 | Max Temp: 40.5°C (Peppa)
📡 Tick 4093 | Max Temp: 40.5°C (Peppa)
📡 Tick 4094 | Max Temp: 40.5°C (Peppa)
📡 Tick 4095 | Max Temp: 40.5°C (Peppa)
📡 Tick 4096 | Max Temp: 40.5°C (Peppa)
📡 Tick 4097 | Max Temp: 40.5°C (Peppa)
📡 Tick 4098 | Max Temp: 40.5°C (Peppa)
📡 Tick 4099 | Max Temp: 40.5°C (Peppa)
📡 Tick 4100 | Max Temp: 40.5°C (Peppa)
📡 Tick 4101 | Max Temp: 40.5°C (Peppa)
📡 Tick 4102 | Max Temp: 40.5°C (Peppa)
📡 Tick 4103 | Max Temp: 40.5°C (Peppa)
📡 Tick 4104 | Max Temp: 40.5°C (Peppa)
📡 Tick 4105 | Max Temp: 40.5°C (Peppa)
📡 Tick 4106 | Max Temp: 40.5°C (Peppa)
📡 Tick 4107 | Max Temp: 40.5°C (Peppa)
📡 Tick 4108 | Max Temp: 40.5°C (Peppa)
📡 Tick 4109 | Max Temp: 40.5°C (Peppa)
📡 Tick 4110 | Max Temp: 40.5°C (Peppa)
📡 Tick 4111 | Max Temp: 40.5°C (Peppa)
📡 Tick 4112 | Max Temp: 40.5°C (Peppa)
📡 Tick 4113 | Max Temp: 40.5°C (Peppa)
📡 Tick 4114 | Max Temp: 40.5°C (Peppa)
📡 Tick 4115 | Max Temp: 40.5°C (Peppa)
📡 Tick 4116 | Max Temp: 40.5°C (Peppa)
📡 Tick 4117 | Max Temp: 40.5°C (Peppa)
📡 Tick 4118 | Max Temp: 40.5°C (Peppa)
📡 Tick 4119 | Max Temp: 40.5°C (Peppa)
📡 Tick 4120 | Max Temp: 40.5°C (Peppa)
📡 Tick 4121 | Max Temp: 40.5°C (Peppa)
📡 Tick 4122 | Max Temp: 40.5°C (Peppa)
📡 Tick 4123 | Max Temp: 40.5°C (Peppa)
📡 Tick 4124 | Max Temp: 40.5°C (Peppa)
📡 Tick 4125 | Max Temp: 40.5°C (Peppa)
📡 Tick 4126 | Max Temp: 40.5°C (Peppa)
📡 Tick 4127 | Max Temp: 40.5°C (Peppa)
📡 Tick 4128 | Max Temp: 40.5°C (Peppa)
📡 Tick 4129 | Max Temp: 40.5°C (Peppa)
📡 Tick 4130 | Max Temp: 40.5°C (Peppa)
📡 Tick 4131 | Max Temp: 40.5°C (Peppa)
📡 Tick 4132 | Max Temp: 40.5°C (Peppa)
📡 Tick 4133 | Max Temp: 40.5°C (Peppa)
📡 Tick 4134 | Max Temp: 40.5°C (Peppa)
📡 Tick 4135 | Max Temp: 40.5°C (Peppa)
📡 Tick 4136 | Max Temp: 40.5°C (Peppa)
📡 Tick 4137 | Max Temp: 40.5°C (Peppa)
📡 Tick 4138 | Max Temp: 40.5°C (Peppa)
📡 Tick 4139 | Max Temp: 40.5°C (Peppa)
📡 Tick 4140 | Max Temp: 40.5°C (Peppa)
📡 Tick 4141 | Max Temp: 40.5°C (Peppa)
📡 Tick 4142 | Max Temp: 40.5°C (Peppa)
📡 Tick 4143 | Max Temp: 40.5°C (Peppa)
📡 Tick 4144 | Max Temp: 40.5°C (Peppa)
📡 Tick 4145 | Max Temp: 40.5°C (Peppa)
📡 Tick 4146 | Max Temp: 40.5°C (Peppa)
📡 Tick 4147 | Max Temp: 40.5°C (Peppa)
📡 Tick 4148 | Max Temp: 40.5°C (Peppa)
📡 Tick 4149 | Max Temp: 40.5°C (Peppa)
📡 Tick 4150 | Max Temp: 40.5°C (Peppa)
📡 Tick 4151 | Max Temp: 40.5°C (Peppa)
📡 Tick 4152 | Max Temp: 40.5°C (Peppa)
📡 Tick 4153 | Max Temp: 40.5°C (Peppa)
📡 Tick 4154 | Max Temp: 40.5°C (Peppa)
📡 Tick 4155 | Max Temp: 40.5°C (Peppa)
📡 Tick 4156 | Max Temp: 40.5°C (Peppa)
📡 Tick 4157 | Max Temp: 40.5°C (Peppa)
📡 Tick 4158 | Max Temp: 40.5°C (Peppa)
📡 Tick 4159 | Max Temp: 40.5°C (Peppa)
📡 Tick 4160 | Max Temp: 40.5°C (Peppa)
📡 Tick 4161 | Max Temp: 40.5°C (Peppa)
📡 Tick 4162 | Max Temp: 40.5°C (Peppa)
📡 Tick 4163 | Max Temp: 40.5°C (Peppa)
📡 Tick 4164 | Max Temp: 40.5°C (Peppa)
📡 Tick 4165 | Max Temp: 40.5°C (Peppa)
📡 Tick 4166 | Max Temp: 40.5°C (Peppa)
📡 Tick 4167 | Max Temp: 40.5°C (Peppa)
📡 Tick 4168 | Max Temp: 40.5°C (Peppa)
📡 Tick 4169 | Max Temp: 40.5°C (Peppa)
📡 Tick 4170 | Max Temp: 40.5°C (Peppa)
📡 Tick 4171 | Max Temp: 40.5°C (Peppa)
📡 Tick 4172 | Max Temp: 40.5°C (Peppa)
📡 Tick 4173 | Max Temp: 40.5°C (Peppa)
📡 Tick 4174 | Max Temp: 40.5°C (Peppa)
📡 Tick 4175 | Max Temp: 40.5°C (Peppa)
📡 Tick 4176 | Max Temp: 40.5°C (Peppa)
📡 Tick 4177 | Max Temp: 40.5°C (Peppa)
📡 Tick 4178 | Max Temp: 40.5°C (Peppa)
📡 Tick 4179 | Max Temp: 40.5°C (Peppa)
📡 Tick 4180 | Max Temp: 40.5°C (Peppa)
📡 Tick 4181 | Max Temp: 40.5°C (Peppa)
📡 Tick 4182 | Max Temp: 40.5°C (Peppa)
📡 Tick 4183 | Max Temp: 40.5°C (Peppa)
📡 Tick 4184 | Max Temp: 40.5°C (Peppa)
📡 Tick 4185 | Max Temp: 40.5°C (Peppa)
📡 Tick 4186 | Max Temp: 40.5°C (Peppa)
📡 Tick 4187 | Max Temp: 40.5°C (Peppa)
📡 Tick 4188 | Max Temp: 40.5°C (Peppa)
📡 Tick 4189 | Max Temp: 40.5°C (Peppa)
📡 Tick 4190 | Max Temp: 40.5°C (Peppa)
📡 Tick 4191 | Max Temp: 40.5°C (Peppa)
📡 Tick 4192 | Max Temp: 40.5°C (Peppa)
📡 Tick 4193 | Max Temp: 40.5°C (Peppa)
📡 Tick 4194 | Max Temp: 40.5°C (Peppa)
📡 Tick 4195 | Max Temp: 40.5°C (Peppa)
📡 Tick 4196 | Max Temp: 40.5°C (Peppa)
📡 Tick 4197 | Max Temp: 40.5°C (Peppa)
📡 Tick 4198 | Max Temp: 40.5°C (Peppa)
📡 Tick 4199 | Max Temp: 40.5°C (Peppa)
📡 Tick 4200 | Max Temp: 40.5°C (Peppa)
📡 Tick 4201 | Max Temp: 40.5°C (Peppa)
📡 Tick 4202 | Max Temp: 40.5°C (Peppa)
📡 Tick 4203 | Max Temp: 40.5°C (Peppa)
📡 Tick 4204 | Max Temp: 40.5°C (Peppa)
📡 Tick 4205 | Max Temp: 40.5°C (Peppa)
📡 Tick 4206 | Max Temp: 40.5°C (Peppa)
📡 Tick 4207 | Max Temp: 40.5°C (Peppa)
📡 Tick 4208 | Max Temp: 40.5°C (Peppa)
📡 Tick 4209 | Max Temp: 40.5°C (Peppa)
📡 Tick 4210 | Max Temp: 40.5°C (Peppa)
📡 Tick 4211 | Max Temp: 40.5°C (Peppa)
📡 Tick 4212 | Max Temp: 40.5°C (Peppa)
📡 Tick 4213 | Max Temp: 40.5°C (Peppa)
📡 Tick 4214 | Max Temp: 40.5°C (Peppa)
📡 Tick 4215 | Max Temp: 40.5°C (Peppa)
📡 Tick 4216 | Max Temp: 40.5°C (Peppa)
📡 Tick 4217 | Max Temp: 40.5°C (Peppa)
📡 Tick 4218 | Max Temp: 40.5°C (Peppa)
📡 Tick 4219 | Max Temp: 40.5°C (Peppa)
📡 Tick 4220 | Max Temp: 40.5°C (Peppa)
📡 Tick 4221 | Max Temp: 40.5°C (Peppa)
📡 Tick 4222 | Max Temp: 40.5°C (Peppa)
📡 Tick 4223 | Max Temp: 40.5°C (Peppa)
📡 Tick 4224 | Max Temp: 40.5°C (Peppa)
📡 Tick 4225 | Max Temp: 40.5°C (Peppa)
📡 Tick 4226 | Max Temp: 40.5°C (Peppa)
📡 Tick 4227 | Max Temp: 40.5°C (Peppa)
📡 Tick 4228 | Max Temp: 40.5°C (Peppa)
📡 Tick 4229 | Max Temp: 40.5°C (Peppa)
📡 Tick 4230 | Max Temp: 40.5°C (Peppa)
📡 Tick 4231 | Max Temp: 40.5°C (Peppa)
📡 Tick 4232 | Max Temp: 40.5°C (Peppa)
📡 Tick 4233 | Max Temp: 40.5°C (Peppa)
📡 Tick 4234 | Max Temp: 40.5°C (Peppa)
📡 Tick 4235 | Max Temp: 40.5°C (Peppa)
📡 Tick 4236 | Max Temp: 40.5°C (Peppa)
📡 Tick 4237 | Max Temp: 40.5°C (Peppa)
📡 Tick 4238 | Max Temp: 40.5°C (Peppa)
📡 Tick 4239 | Max Temp: 40.5°C (Peppa)
📡 Tick 4240 | Max Temp: 40.5°C (Peppa)
📡 Tick 4241 | Max Temp: 40.5°C (Peppa)
📡 Tick 4242 | Max Temp: 40.5°C (Peppa)
📡 Tick 4243 | Max Temp: 40.5°C (Peppa)
📡 Tick 4244 | Max Temp: 40.5°C (Peppa)
📡 Tick 4245 | Max Temp: 40.5°C (Peppa)
📡 Tick 4246 | Max Temp: 40.5°C (Peppa)
📡 Tick 4247 | Max Temp: 40.5°C (Peppa)
📡 Tick 4248 | Max Temp: 40.5°C (Peppa)
📡 Tick 4249 | Max Temp: 40.5°C (Peppa)
📡 Tick 4250 | Max Temp: 40.5°C (Peppa)
📡 Tick 4251 | Max Temp: 40.5°C (Peppa)
📡 Tick 4252 | Max Temp: 40.5°C (Peppa)
📡 Tick 4253 | Max Temp: 40.5°C (Peppa)
📡 Tick 4254 | Max Temp: 40.5°C (Peppa)
📡 Tick 4255 | Max Temp: 40.5°C (Peppa)
📡 Tick 4256 | Max Temp: 40.5°C (Peppa)
📡 Tick 4257 | Max Temp: 40.5°C (Peppa)
📡 Tick 4258 | Max Temp: 40.5°C (Peppa)
📡 Tick 4259 | Max Temp: 40.5°C (Peppa)
📡 Tick 4260 | Max Temp: 40.5°C (Peppa)
📡 Tick 4261 | Max Temp: 40.5°C (Peppa)
📡 Tick 4262 | Max Temp: 40.5°C (Peppa)
📡 Tick 4263 | Max Temp: 40.5°C (Peppa)
📡 Tick 4264 | Max Temp: 40.5°C (Peppa)
📡 Tick 4265 | Max Temp: 40.5°C (Peppa)
📡 Tick 4266 | Max Temp: 40.5°C (Peppa)
📡 Tick 4267 | Max Temp: 40.5°C (Peppa)
📡 Tick 4268 | Max Temp: 40.5°C (Peppa)
📡 Tick 4269 | Max Temp: 40.5°C (Peppa)
📡 Tick 4270 | Max Temp: 40.5°C (Peppa)
📡 Tick 4271 | Max Temp: 40.5°C (Peppa)
📡 Tick 4272 | Max Temp: 40.5°C (Peppa)
📡 Tick 4273 | Max Temp: 40.5°C (Peppa)
📡 Tick 4274 | Max Temp: 40.5°C (Peppa)
📡 Tick 4275 | Max Temp: 40.5°C (Peppa)
📡 Tick 4276 | Max Temp: 40.5°C (Peppa)
📡 Tick 4277 | Max Temp: 40.5°C (Peppa)
📡 Tick 4278 | Max Temp: 40.5°C (Peppa)
📡 Tick 4279 | Max Temp: 40.5°C (Peppa)
📡 Tick 4280 | Max Temp: 40.5°C (Peppa)
📡 Tick 4281 | Max Temp: 40.5°C (Peppa)
📡 Tick 4282 | Max Temp: 40.5°C (Peppa)
📡 Tick 4283 | Max Temp: 40.5°C (Peppa)
📡 Tick 4284 | Max Temp: 40.5°C (Peppa)
📡 Tick 4285 | Max Temp: 40.5°C (Peppa)
📡 Tick 4286 | Max Temp: 40.5°C (Peppa)
📡 Tick 4287 | Max Temp: 40.5°C (Peppa)
📡 Tick 4288 | Max Temp: 40.5°C (Peppa)
📡 Tick 4289 | Max Temp: 40.5°C (Peppa)
📡 Tick 4290 | Max Temp: 40.5°C (Peppa)
📡 Tick 4291 | Max Temp: 40.5°C (Peppa)
📡 Tick 4292 | Max Temp: 40.5°C (Peppa)
📡 Tick 4293 | Max Temp: 40.5°C (Peppa)
📡 Tick 4294 | Max Temp: 40.5°C (Peppa)
📡 Tick 4295 | Max Temp: 40.5°C (Peppa)
📡 Tick 4296 | Max Temp: 40.5°C (Peppa)
📡 Tick 4297 | Max Temp: 40.5°C (Peppa)
📡 Tick 4298 | Max Temp: 40.5°C (Peppa)
📡 Tick 4299 | Max Temp: 40.5°C (Peppa)
📡 Tick 4300 | Max Temp: 40.5°C (Peppa)
📡 Tick 4301 | Max Temp: 40.5°C (Peppa)
📡 Tick 4302 | Max Temp: 40.5°C (Peppa)
📡 Tick 4303 | Max Temp: 40.5°C (Peppa)
📡 Tick 4304 | Max Temp: 40.5°C (Peppa)
📡 Tick 4305 | Max Temp: 40.5°C (Peppa)
📡 Tick 4306 | Max Temp: 40.5°C (Peppa)
📡 Tick 4307 | Max Temp: 40.5°C (Peppa)
📡 Tick 4308 | Max Temp: 40.5°C (Peppa)
📡 Tick 4309 | Max Temp: 40.5°C (Peppa)
📡 Tick 4310 | Max Temp: 40.5°C (Peppa)
📡 Tick 4311 | Max Temp: 40.5°C (Peppa)
📡 Tick 4312 | Max Temp: 40.5°C (Peppa)
📡 Tick 4313 | Max Temp: 40.5°C (Peppa)
📡 Tick 4314 | Max Temp: 40.5°C (Peppa)
📡 Tick 4315 | Max Temp: 40.5°C (Peppa)
📡 Tick 4316 | Max Temp: 40.5°C (Peppa)
📡 Tick 4317 | Max Temp: 40.5°C (Peppa)
📡 Tick 4318 | Max Temp: 40.5°C (Peppa)
📡 Tick 4319 | Max Temp: 40.5°C (Peppa)
📡 Tick 4320 | Max Temp: 40.5°C (Peppa)
📡 Tick 4321 | Max Temp: 40.5°C (Peppa)
📡 Tick 4322 | Max Temp: 40.5°C (Peppa)
📡 Tick 4323 | Max Temp: 40.5°C (Peppa)
📡 Tick 4324 | Max Temp: 40.5°C (Peppa)
📡 Tick 4325 | Max Temp: 40.5°C (Peppa)
📡 Tick 4326 | Max Temp: 40.5°C (Peppa)
📡 Tick 4327 | Max Temp: 40.5°C (Peppa)
📡 Tick 4328 | Max Temp: 40.5°C (Peppa)
📡 Tick 4329 | Max Temp: 40.5°C (Peppa)
📡 Tick 4330 | Max Temp: 40.5°C (Peppa)
📡 Tick 4331 | Max Temp: 40.5°C (Peppa)
📡 Tick 4332 | Max Temp: 40.5°C (Peppa)
📡 Tick 4333 | Max Temp: 40.5°C (Peppa)
📡 Tick 4334 | Max Temp: 40.5°C (Peppa)
📡 Tick 4335 | Max Temp: 40.5°C (Peppa)
📡 Tick 4336 | Max Temp: 40.5°C (Peppa)
📡 Tick 4337 | Max Temp: 40.5°C (Peppa)
📡 Tick 4338 | Max Temp: 40.5°C (Peppa)
📡 Tick 4339 | Max Temp: 40.5°C (Peppa)
📡 Tick 4340 | Max Temp: 40.5°C (Peppa)
📡 Tick 4341 | Max Temp: 40.5°C (Peppa)
📡 Tick 4342 | Max Temp: 40.5°C (Peppa)
📡 Tick 4343 | Max Temp: 40.5°C (Peppa)
📡 Tick 4344 | Max Temp: 40.5°C (Peppa)
📡 Tick 4345 | Max Temp: 40.5°C (Peppa)
📡 Tick 4346 | Max Temp: 40.5°C (Peppa)
📡 Tick 4347 | Max Temp: 40.5°C (Peppa)
📡 Tick 4348 | Max Temp: 40.5°C (Peppa)
📡 Tick 4349 | Max Temp: 40.5°C (Peppa)
📡 Tick 4350 | Max Temp: 40.5°C (Peppa)
📡 Tick 4351 | Max Temp: 40.5°C (Peppa)
📡 Tick 4352 | Max Temp: 40.5°C (Peppa)
📡 Tick 4353 | Max Temp: 40.5°C (Peppa)
📡 Tick 4354 | Max Temp: 40.5°C (Peppa)
📡 Tick 4355 | Max Temp: 40.5°C (Peppa)
📡 Tick 4356 | Max Temp: 40.5°C (Peppa)
📡 Tick 4357 | Max Temp: 40.5°C (Peppa)
📡 Tick 4358 | Max Temp: 40.5°C (Peppa)
📡 Tick 4359 | Max Temp: 40.5°C (Peppa)
📡 Tick 4360 | Max Temp: 40.5°C (Peppa)
📡 Tick 4361 | Max Temp: 40.5°C (Peppa)
📡 Tick 4362 | Max Temp: 40.5°C (Peppa)
📡 Tick 4363 | Max Temp: 40.5°C (Peppa)
📡 Tick 4364 | Max Temp: 40.5°C (Peppa)
📡 Tick 4365 | Max Temp: 40.5°C (Peppa)
📡 Tick 4366 | Max Temp: 40.5°C (Peppa)
📡 Tick 4367 | Max Temp: 40.5°C (Peppa)
📡 Tick 4368 | Max Temp: 40.5°C (Peppa)
📡 Tick 4369 | Max Temp: 40.5°C (Peppa)
📡 Tick 4370 | Max Temp: 40.5°C (Peppa)
📡 Tick 4371 | Max Temp: 40.5°C (Peppa)
📡 Tick 4372 | Max Temp: 40.5°C (Peppa)
📡 Tick 4373 | Max Temp: 40.5°C (Peppa)
📡 Tick 4374 | Max Temp: 40.5°C (Peppa)
📡 Tick 4375 | Max Temp: 40.5°C (Peppa)
📡 Tick 4376 | Max Temp: 40.5°C (Peppa)
📡 Tick 4377 | Max Temp: 40.5°C (Peppa)
📡 Tick 4378 | Max Temp: 40.5°C (Peppa)
📡 Tick 4379 | Max Temp: 40.5°C (Peppa)
📡 Tick 4380 | Max Temp: 40.5°C (Peppa)
📡 Tick 4381 | Max Temp: 40.5°C (Peppa)
📡 Tick 4382 | Max Temp: 40.5°C (Peppa)
📡 Tick 4383 | Max Temp: 40.5°C (Peppa)
📡 Tick 4384 | Max Temp: 40.5°C (Peppa)
📡 Tick 4385 | Max Temp: 40.5°C (Peppa)
📡 Tick 4386 | Max Temp: 40.5°C (Peppa)
📡 Tick 4387 | Max Temp: 40.5°C (Peppa)
📡 Tick 4388 | Max Temp: 40.5°C (Peppa)
📡 Tick 4389 | Max Temp: 40.5°C (Peppa)
📡 Tick 4390 | Max Temp: 40.5°C (Peppa)
📡 Tick 4391 | Max Temp: 40.5°C (Peppa)
📡 Tick 4392 | Max Temp: 40.5°C (Peppa)
📡 Tick 4393 | Max Temp: 40.5°C (Peppa)
📡 Tick 4394 | Max Temp: 40.5°C (Peppa)
📡 Tick 4395 | Max Temp: 40.5°C (Peppa)
📡 Tick 4396 | Max Temp: 40.5°C (Peppa)
📡 Tick 4397 | Max Temp: 40.5°C (Peppa)
📡 Tick 4398 | Max Temp: 40.5°C (Peppa)
📡 Tick 4399 | Max Temp: 40.5°C (Peppa)
📡 Tick 4400 | Max Temp: 40.5°C (Peppa)
📡 Tick 4401 | Max Temp: 40.5°C (Peppa)
📡 Tick 4402 | Max Temp: 40.5°C (Peppa)
📡 Tick 4403 | Max Temp: 40.5°C (Peppa)
📡 Tick 4404 | Max Temp: 40.5°C (Peppa)
📡 Tick 4405 | Max Temp: 40.5°C (Peppa)
📡 Tick 4406 | Max Temp: 40.5°C (Peppa)
📡 Tick 4407 | Max Temp: 40.5°C (Peppa)
📡 Tick 4408 | Max Temp: 40.5°C (Peppa)
📡 Tick 4409 | Max Temp: 40.5°C (Peppa)
📡 Tick 4410 | Max Temp: 40.5°C (Peppa)
📡 Tick 4411 | Max Temp: 40.5°C (Peppa)
📡 Tick 4412 | Max Temp: 40.5°C (Peppa)
📡 Tick 4413 | Max Temp: 40.5°C (Peppa)
📡 Tick 4414 | Max Temp: 40.5°C (Peppa)
📡 Tick 4415 | Max Temp: 40.5°C (Peppa)
📡 Tick 4416 | Max Temp: 40.5°C (Peppa)
📡 Tick 4417 | Max Temp: 40.5°C (Peppa)
📡 Tick 4418 | Max Temp: 40.5°C (Peppa)
📡 Tick 4419 | Max Temp: 40.5°C (Peppa)
📡 Tick 4420 | Max Temp: 40.5°C (Peppa)
📡 Tick 4421 | Max Temp: 40.5°C (Peppa)
📡 Tick 4422 | Max Temp: 40.5°C (Peppa)
📡 Tick 4423 | Max Temp: 40.5°C (Peppa)
📡 Tick 4424 | Max Temp: 40.5°C (Peppa)
📡 Tick 4425 | Max Temp: 40.5°C (Peppa)
📡 Tick 4426 | Max Temp: 40.5°C (Peppa)
📡 Tick 4427 | Max Temp: 40.5°C (Peppa)
📡 Tick 4428 | Max Temp: 40.5°C (Peppa)
📡 Tick 4429 | Max Temp: 40.5°C (Peppa)
📡 Tick 4430 | Max Temp: 40.5°C (Peppa)
📡 Tick 4431 | Max Temp: 40.5°C (Peppa)
📡 Tick 4432 | Max Temp: 40.5°C (Peppa)
📡 Tick 4433 | Max Temp: 40.5°C (Peppa)
📡 Tick 4434 | Max Temp: 40.5°C (Peppa)
📡 Tick 4435 | Max Temp: 40.5°C (Peppa)
📡 Tick 4436 | Max Temp: 40.5°C (Peppa)
📡 Tick 4437 | Max Temp: 40.5°C (Peppa)
📡 Tick 4438 | Max Temp: 40.5°C (Peppa)
📡 Tick 4439 | Max Temp: 40.5°C (Peppa)
📡 Tick 4440 | Max Temp: 40.5°C (Peppa)
📡 Tick 4441 | Max Temp: 40.5°C (Peppa)
📡 Tick 4442 | Max Temp: 40.5°C (Peppa)
📡 Tick 4443 | Max Temp: 40.5°C (Peppa)
📡 Tick 4444 | Max Temp: 40.5°C (Peppa)
📡 Tick 4445 | Max Temp: 40.5°C (Peppa)
📡 Tick 4446 | Max Temp: 40.5°C (Peppa)
📡 Tick 4447 | Max Temp: 40.5°C (Peppa)
📡 Tick 4448 | Max Temp: 40.5°C (Peppa)
📡 Tick 4449 | Max Temp: 40.5°C (Peppa)
📡 Tick 4450 | Max Temp: 40.5°C (Peppa)
📡 Tick 4451 | Max Temp: 40.5°C (Peppa)
📡 Tick 4452 | Max Temp: 40.5°C (Peppa)
📡 Tick 4453 | Max Temp: 40.5°C (Peppa)
📡 Tick 4454 | Max Temp: 40.5°C (Peppa)
📡 Tick 4455 | Max Temp: 40.5°C (Peppa)
📡 Tick 4456 | Max Temp: 40.5°C (Peppa)
📡 Tick 4457 | Max Temp: 40.5°C (Peppa)
📡 Tick 4458 | Max Temp: 40.5°C (Peppa)
📡 Tick 4459 | Max Temp: 40.5°C (Peppa)
📡 Tick 4460 | Max Temp: 40.5°C (Peppa)
📡 Tick 4461 | Max Temp: 40.5°C (Peppa)
📡 Tick 4462 | Max Temp: 40.5°C (Peppa)
📡 Tick 4463 | Max Temp: 40.5°C (Peppa)
📡 Tick 4464 | Max Temp: 40.5°C (Peppa)
📡 Tick 4465 | Max Temp: 40.5°C (Peppa)
📡 Tick 4466 | Max Temp: 40.5°C (Peppa)
📡 Tick 4467 | Max Temp: 40.5°C (Peppa)
📡 Tick 4468 | Max Temp: 40.5°C (Peppa)
📡 Tick 4469 | Max Temp: 40.5°C (Peppa)
📡 Tick 4470 | Max Temp: 40.5°C (Peppa)
📡 Tick 4471 | Max Temp: 40.5°C (Peppa)
📡 Tick 4472 | Max Temp: 40.5°C (Peppa)
📡 Tick 4473 | Max Temp: 40.5°C (Peppa)
📡 Tick 4474 | Max Temp: 40.5°C (Peppa)
📡 Tick 4475 | Max Temp: 40.5°C (Peppa)
📡 Tick 4476 | Max Temp: 40.5°C (Peppa)
📡 Tick 4477 | Max Temp: 40.5°C (Peppa)
📡 Tick 4478 | Max Temp: 40.5°C (Peppa)
📡 Tick 4479 | Max Temp: 40.5°C (Peppa)
📡 Tick 4480 | Max Temp: 40.5°C (Peppa)
📡 Tick 4481 | Max Temp: 40.5°C (Peppa)
📡 Tick 4482 | Max Temp: 40.5°C (Peppa)
📡 Tick 4483 | Max Temp: 40.5°C (Peppa)
📡 Tick 4484 | Max Temp: 40.5°C (Peppa)
📡 Tick 4485 | Max Temp: 40.5°C (Peppa)
📡 Tick 4486 | Max Temp: 40.5°C (Peppa)
📡 Tick 4487 | Max Temp: 40.5°C (Peppa)
📡 Tick 4488 | Max Temp: 40.5°C (Peppa)
📡 Tick 4489 | Max Temp: 40.5°C (Peppa)
📡 Tick 4490 | Max Temp: 40.5°C (Peppa)
📡 Tick 4491 | Max Temp: 40.5°C (Peppa)
📡 Tick 4492 | Max Temp: 40.5°C (Peppa)
📡 Tick 4493 | Max Temp: 40.5°C (Peppa)
📡 Tick 4494 | Max Temp: 40.5°C (Peppa)
📡 Tick 4495 | Max Temp: 40.5°C (Peppa)
📡 Tick 4496 | Max Temp: 40.5°C (Peppa)
📡 Tick 4497 | Max Temp: 40.5°C (Peppa)
📡 Tick 4498 | Max Temp: 40.5°C (Peppa)
📡 Tick 4499 | Max Temp: 40.5°C (Peppa)
📡 Tick 4500 | Max Temp: 40.5°C (Peppa)
📡 Tick 4501 | Max Temp: 40.5°C (Peppa)
📡 Tick 4502 | Max Temp: 40.5°C (Peppa)
📡 Tick 4503 | Max Temp: 40.5°C (Peppa)
📡 Tick 4504 | Max Temp: 40.5°C (Peppa)
📡 Tick 4505 | Max Temp: 40.5°C (Peppa)
📡 Tick 4506 | Max Temp: 40.5°C (Peppa)
📡 Tick 4507 | Max Temp: 40.5°C (Peppa)
📡 Tick 4508 | Max Temp: 40.5°C (Peppa)
📡 Tick 4509 | Max Temp: 40.5°C (Peppa)
📡 Tick 4510 | Max Temp: 40.5°C (Peppa)
📡 Tick 4511 | Max Temp: 40.5°C (Peppa)
📡 Tick 4512 | Max Temp: 40.5°C (Peppa)
📡 Tick 4513 | Max Temp: 40.5°C (Peppa)
📡 Tick 4514 | Max Temp: 40.5°C (Peppa)
📡 Tick 4515 | Max Temp: 40.5°C (Peppa)
📡 Tick 4516 | Max Temp: 40.5°C (Peppa)
📡 Tick 4517 | Max Temp: 40.5°C (Peppa)
📡 Tick 4518 | Max Temp: 40.5°C (Peppa)
📡 Tick 4519 | Max Temp: 40.5°C (Peppa)
📡 Tick 4520 | Max Temp: 40.5°C (Peppa)
📡 Tick 4521 | Max Temp: 40.5°C (Peppa)
📡 Tick 4522 | Max Temp: 40.5°C (Peppa)
📡 Tick 4523 | Max Temp: 40.5°C (Peppa)
📡 Tick 4524 | Max Temp: 40.5°C (Peppa)
📡 Tick 4525 | Max Temp: 40.5°C (Peppa)
📡 Tick 4526 | Max Temp: 40.5°C (Peppa)
📡 Tick 4527 | Max Temp: 40.5°C (Peppa)
📡 Tick 4528 | Max Temp: 40.5°C (Peppa)
📡 Tick 4529 | Max Temp: 40.5°C (Peppa)
📡 Tick 4530 | Max Temp: 40.5°C (Peppa)
📡 Tick 4531 | Max Temp: 40.5°C (Peppa)
📡 Tick 4532 | Max Temp: 40.5°C (Peppa)
📡 Tick 4533 | Max Temp: 40.5°C (Peppa)
📡 Tick 4534 | Max Temp: 40.5°C (Peppa)
📡 Tick 4535 | Max Temp: 40.5°C (Peppa)
📡 Tick 4536 | Max Temp: 40.5°C (Peppa)
📡 Tick 4537 | Max Temp: 40.5°C (Peppa)
📡 Tick 4538 | Max Temp: 40.5°C (Peppa)
📡 Tick 4539 | Max Temp: 40.5°C (Peppa)
📡 Tick 4540 | Max Temp: 40.5°C (Peppa)
📡 Tick 4541 | Max Temp: 40.5°C (Peppa)
📡 Tick 4542 | Max Temp: 40.5°C (Peppa)
📡 Tick 4543 | Max Temp: 40.5°C (Peppa)
📡 Tick 4544 | Max Temp: 40.5°C (Peppa)
📡 Tick 4545 | Max Temp: 40.5°C (Peppa)
📡 Tick 4546 | Max Temp: 40.5°C (Peppa)
📡 Tick 4547 | Max Temp: 40.5°C (Peppa)
📡 Tick 4548 | Max Temp: 40.5°C (Peppa)
📡 Tick 4549 | Max Temp: 40.5°C (Peppa)
📡 Tick 4550 | Max Temp: 40.5°C (Peppa)
📡 Tick 4551 | Max Temp: 40.5°C (Peppa)
📡 Tick 4552 | Max Temp: 40.5°C (Peppa)
📡 Tick 4553 | Max Temp: 40.5°C (Peppa)
📡 Tick 4554 | Max Temp: 40.5°C (Peppa)
📡 Tick 4555 | Max Temp: 40.5°C (Peppa)
📡 Tick 4556 | Max Temp: 40.5°C (Peppa)
📡 Tick 4557 | Max Temp: 40.5°C (Peppa)
📡 Tick 4558 | Max Temp: 40.5°C (Peppa)
📡 Tick 4559 | Max Temp: 40.5°C (Peppa)
📡 Tick 4560 | Max Temp: 40.5°C (Peppa)
📡 Tick 4561 | Max Temp: 40.5°C (Peppa)
📡 Tick 4562 | Max Temp: 40.5°C (Peppa)
📡 Tick 4563 | Max Temp: 40.5°C (Peppa)
📡 Tick 4564 | Max Temp: 40.5°C (Peppa)
📡 Tick 4565 | Max Temp: 40.5°C (Peppa)
📡 Tick 4566 | Max Temp: 40.5°C (Peppa)
📡 Tick 4567 | Max Temp: 40.5°C (Peppa)
📡 Tick 4568 | Max Temp: 40.5°C (Peppa)
📡 Tick 4569 | Max Temp: 40.5°C (Peppa)
📡 Tick 4570 | Max Temp: 40.5°C (Peppa)
📡 Tick 4571 | Max Temp: 40.5°C (Peppa)
📡 Tick 4572 | Max Temp: 40.5°C (Peppa)
📡 Tick 4573 | Max Temp: 40.5°C (Peppa)
📡 Tick 4574 | Max Temp: 40.5°C (Peppa)
📡 Tick 4575 | Max Temp: 40.5°C (Peppa)
📡 Tick 4576 | Max Temp: 40.5°C (Peppa)
📡 Tick 4577 | Max Temp: 40.5°C (Peppa)
📡 Tick 4578 | Max Temp: 40.5°C (Peppa)
📡 Tick 4579 | Max Temp: 40.5°C (Peppa)
📡 Tick 4580 | Max Temp: 40.5°C (Peppa)
📡 Tick 4581 | Max Temp: 40.5°C (Peppa)
📡 Tick 4582 | Max Temp: 40.5°C (Peppa)
📡 Tick 4583 | Max Temp: 40.5°C (Peppa)
📡 Tick 4584 | Max Temp: 40.5°C (Peppa)
📡 Tick 4585 | Max Temp: 40.5°C (Peppa)
📡 Tick 4586 | Max Temp: 40.5°C (Peppa)
📡 Tick 4587 | Max Temp: 40.5°C (Peppa)
📡 Tick 4588 | Max Temp: 40.5°C (Peppa)
📡 Tick 4589 | Max Temp: 40.5°C (Peppa)
📡 Tick 4590 | Max Temp: 40.5°C (Peppa)
📡 Tick 4591 | Max Temp: 40.5°C (Peppa)
📡 Tick 4592 | Max Temp: 40.5°C (Peppa)
📡 Tick 4593 | Max Temp: 40.5°C (Peppa)
📡 Tick 4594 | Max Temp: 40.5°C (Peppa)
📡 Tick 4595 | Max Temp: 40.5°C (Peppa)
📡 Tick 4596 | Max Temp: 40.5°C (Peppa)
📡 Tick 4597 | Max Temp: 40.5°C (Peppa)
📡 Tick 4598 | Max Temp: 40.5°C (Peppa)
📡 Tick 4599 | Max Temp: 40.5°C (Peppa)
📡 Tick 4600 | Max Temp: 40.5°C (Peppa)
📡 Tick 4601 | Max Temp: 40.5°C (Peppa)
📡 Tick 4602 | Max Temp: 40.5°C (Peppa)
📡 Tick 4603 | Max Temp: 40.5°C (Peppa)
📡 Tick 4604 | Max Temp: 40.5°C (Peppa)
📡 Tick 4605 | Max Temp: 40.5°C (Peppa)
📡 Tick 4606 | Max Temp: 40.5°C (Peppa)
📡 Tick 4607 | Max Temp: 40.5°C (Peppa)
📡 Tick 4608 | Max Temp: 40.5°C (Peppa)
📡 Tick 4609 | Max Temp: 40.5°C (Peppa)
📡 Tick 4610 | Max Temp: 40.5°C (Peppa)
📡 Tick 4611 | Max Temp: 40.5°C (Peppa)
📡 Tick 4612 | Max Temp: 40.5°C (Peppa)
📡 Tick 4613 | Max Temp: 40.5°C (Peppa)
📡 Tick 4614 | Max Temp: 40.5°C (Peppa)
📡 Tick 4615 | Max Temp: 40.5°C (Peppa)
📡 Tick 4616 | Max Temp: 40.5°C (Peppa)
📡 Tick 4617 | Max Temp: 40.5°C (Peppa)
📡 Tick 4618 | Max Temp: 40.5°C (Peppa)
📡 Tick 4619 | Max Temp: 40.5°C (Peppa)
📡 Tick 4620 | Max Temp: 40.5°C (Peppa)
📡 Tick 4621 | Max Temp: 40.5°C (Peppa)
📡 Tick 4622 | Max Temp: 40.5°C (Peppa)
📡 Tick 4623 | Max Temp: 40.5°C (Peppa)
📡 Tick 4624 | Max Temp: 40.5°C (Peppa)
📡 Tick 4625 | Max Temp: 40.5°C (Peppa)
📡 Tick 4626 | Max Temp: 40.5°C (Peppa)
📡 Tick 4627 | Max Temp: 40.5°C (Peppa)
📡 Tick 4628 | Max Temp: 40.5°C (Peppa)
📡 Tick 4629 | Max Temp: 40.5°C (Peppa)
📡 Tick 4630 | Max Temp: 40.5°C (Peppa)
📡 Tick 4631 | Max Temp: 40.5°C (Peppa)
📡 Tick 4632 | Max Temp: 40.5°C (Peppa)
📡 Tick 4633 | Max Temp: 40.5°C (Peppa)
📡 Tick 4634 | Max Temp: 40.5°C (Peppa)
📡 Tick 4635 | Max Temp: 40.5°C (Peppa)
📡 Tick 4636 | Max Temp: 40.5°C (Peppa)
📡 Tick 4637 | Max Temp: 40.5°C (Peppa)
📡 Tick 4638 | Max Temp: 40.5°C (Peppa)
📡 Tick 4639 | Max Temp: 40.5°C (Peppa)
📡 Tick 4640 | Max Temp: 40.5°C (Peppa)
📡 Tick 4641 | Max Temp: 40.5°C (Peppa)
📡 Tick 4642 | Max Temp: 40.5°C (Peppa)
📡 Tick 4643 | Max Temp: 40.5°C (Peppa)
📡 Tick 4644 | Max Temp: 40.5°C (Peppa)
📡 Tick 4645 | Max Temp: 40.5°C (Peppa)
📡 Tick 4646 | Max Temp: 40.5°C (Peppa)
📡 Tick 4647 | Max Temp: 40.5°C (Peppa)
📡 Tick 4648 | Max Temp: 40.5°C (Peppa)
📡 Tick 4649 | Max Temp: 40.5°C (Peppa)
📡 Tick 4650 | Max Temp: 40.5°C (Peppa)
📡 Tick 4651 | Max Temp: 40.5°C (Peppa)
📡 Tick 4652 | Max Temp: 40.5°C (Peppa)
📡 Tick 4653 | Max Temp: 40.5°C (Peppa)
📡 Tick 4654 | Max Temp: 40.5°C (Peppa)
📡 Tick 4655 | Max Temp: 40.5°C (Peppa)
📡 Tick 4656 | Max Temp: 40.5°C (Peppa)
📡 Tick 4657 | Max Temp: 40.5°C (Peppa)
📡 Tick 4658 | Max Temp: 40.5°C (Peppa)
📡 Tick 4659 | Max Temp: 40.5°C (Peppa)
📡 Tick 4660 | Max Temp: 40.5°C (Peppa)
📡 Tick 4661 | Max Temp: 40.5°C (Peppa)
📡 Tick 4662 | Max Temp: 40.5°C (Peppa)
📡 Tick 4663 | Max Temp: 40.5°C (Peppa)
📡 Tick 4664 | Max Temp: 40.5°C (Peppa)
📡 Tick 4665 | Max Temp: 40.5°C (Peppa)
📡 Tick 4666 | Max Temp: 40.5°C (Peppa)
📡 Tick 4667 | Max Temp: 40.5°C (Peppa)
📡 Tick 4668 | Max Temp: 40.5°C (Peppa)
📡 Tick 4669 | Max Temp: 40.5°C (Peppa)
📡 Tick 4670 | Max Temp: 40.5°C (Peppa)
📡 Tick 4671 | Max Temp: 40.5°C (Peppa)
📡 Tick 4672 | Max Temp: 40.5°C (Peppa)
📡 Tick 4673 | Max Temp: 40.5°C (Peppa)
📡 Tick 4674 | Max Temp: 40.5°C (Peppa)
📡 Tick 4675 | Max Temp: 40.5°C (Peppa)
📡 Tick 4676 | Max Temp: 40.5°C (Peppa)
📡 Tick 4677 | Max Temp: 40.5°C (Peppa)
📡 Tick 4678 | Max Temp: 40.5°C (Peppa)
📡 Tick 4679 | Max Temp: 40.5°C (Peppa)
📡 Tick 4680 | Max Temp: 40.5°C (Peppa)
📡 Tick 4681 | Max Temp: 40.5°C (Peppa)
📡 Tick 4682 | Max Temp: 40.5°C (Peppa)
📡 Tick 4683 | Max Temp: 40.5°C (Peppa)
📡 Tick 4684 | Max Temp: 40.5°C (Peppa)
📡 Tick 4685 | Max Temp: 40.5°C (Peppa)
📡 Tick 4686 | Max Temp: 40.5°C (Peppa)
📡 Tick 4687 | Max Temp: 40.5°C (Peppa)
📡 Tick 4688 | Max Temp: 40.5°C (Peppa)
📡 Tick 4689 | Max Temp: 40.5°C (Peppa)
📡 Tick 4690 | Max Temp: 40.5°C (Peppa)
📡 Tick 4691 | Max Temp: 40.5°C (Peppa)
📡 Tick 4692 | Max Temp: 40.5°C (Peppa)
📡 Tick 4693 | Max Temp: 40.5°C (Peppa)
📡 Tick 4694 | Max Temp: 40.5°C (Peppa)
📡 Tick 4695 | Max Temp: 40.5°C (Peppa)
📡 Tick 4696 | Max Temp: 40.5°C (Peppa)
📡 Tick 4697 | Max Temp: 40.5°C (Peppa)
📡 Tick 4698 | Max Temp: 40.5°C (Peppa)
📡 Tick 4699 | Max Temp: 40.5°C (Peppa)
📡 Tick 4700 | Max Temp: 40.5°C (Peppa)
📡 Tick 4701 | Max Temp: 40.5°C (Peppa)
📡 Tick 4702 | Max Temp: 40.5°C (Peppa)
📡 Tick 4703 | Max Temp: 40.5°C (Peppa)
📡 Tick 4704 | Max Temp: 40.5°C (Peppa)
📡 Tick 4705 | Max Temp: 40.5°C (Peppa)
📡 Tick 4706 | Max Temp: 40.5°C (Peppa)
📡 Tick 4707 | Max Temp: 40.5°C (Peppa)
📡 Tick 4708 | Max Temp: 40.5°C (Peppa)
📡 Tick 4709 | Max Temp: 40.5°C (Peppa)
📡 Tick 4710 | Max Temp: 40.5°C (Peppa)
📡 Tick 4711 | Max Temp: 40.5°C (Peppa)
📡 Tick 4712 | Max Temp: 40.5°C (Peppa)
📡 Tick 4713 | Max Temp: 40.5°C (Peppa)
📡 Tick 4714 | Max Temp: 40.5°C (Peppa)
📡 Tick 4715 | Max Temp: 40.5°C (Peppa)
📡 Tick 4716 | Max Temp: 40.5°C (Peppa)
📡 Tick 4717 | Max Temp: 40.5°C (Peppa)
📡 Tick 4718 | Max Temp: 40.5°C (Peppa)
📡 Tick 4719 | Max Temp: 40.5°C (Peppa)
📡 Tick 4720 | Max Temp: 40.5°C (Peppa)
📡 Tick 4721 | Max Temp: 40.5°C (Peppa)
📡 Tick 4722 | Max Temp: 40.5°C (Peppa)
📡 Tick 4723 | Max Temp: 40.5°C (Peppa)
📡 Tick 4724 | Max Temp: 40.5°C (Peppa)
📡 Tick 4725 | Max Temp: 40.5°C (Peppa)
📡 Tick 4726 | Max Temp: 40.5°C (Peppa)
📡 Tick 4727 | Max Temp: 40.5°C (Peppa)
📡 Tick 4728 | Max Temp: 40.5°C (Peppa)
📡 Tick 4729 | Max Temp: 40.5°C (Peppa)
📡 Tick 4730 | Max Temp: 40.5°C (Peppa)
📡 Tick 4731 | Max Temp: 40.5°C (Peppa)
📡 Tick 4732 | Max Temp: 40.5°C (Peppa)
📡 Tick 4733 | Max Temp: 40.5°C (Peppa)
📡 Tick 4734 | Max Temp: 40.5°C (Peppa)
📡 Tick 4735 | Max Temp: 40.5°C (Peppa)
📡 Tick 4736 | Max Temp: 40.5°C (Peppa)
📡 Tick 4737 | Max Temp: 40.5°C (Peppa)
📡 Tick 4738 | Max Temp: 40.5°C (Peppa)
📡 Tick 4739 | Max Temp: 40.5°C (Peppa)
📡 Tick 4740 | Max Temp: 40.5°C (Peppa)
📡 Tick 4741 | Max Temp: 40.5°C (Peppa)
📡 Tick 4742 | Max Temp: 40.5°C (Peppa)
📡 Tick 4743 | Max Temp: 40.5°C (Peppa)
📡 Tick 4744 | Max Temp: 40.5°C (Peppa)
📡 Tick 4745 | Max Temp: 40.5°C (Peppa)
📡 Tick 4746 | Max Temp: 40.5°C (Peppa)
📡 Tick 4747 | Max Temp: 40.5°C (Peppa)
📡 Tick 4748 | Max Temp: 40.5°C (Peppa)
📡 Tick 4749 | Max Temp: 40.5°C (Peppa)
📡 Tick 4750 | Max Temp: 40.5°C (Peppa)
📡 Tick 4751 | Max Temp: 40.5°C (Peppa)
📡 Tick 4752 | Max Temp: 40.5°C (Peppa)
📡 Tick 4753 | Max Temp: 40.5°C (Peppa)
📡 Tick 4754 | Max Temp: 40.5°C (Peppa)
📡 Tick 4755 | Max Temp: 40.5°C (Peppa)
📡 Tick 4756 | Max Temp: 40.5°C (Peppa)
📡 Tick 4757 | Max Temp: 40.5°C (Peppa)
📡 Tick 4758 | Max Temp: 40.5°C (Peppa)
📡 Tick 4759 | Max Temp: 40.5°C (Peppa)
📡 Tick 4760 | Max Temp: 40.5°C (Peppa)
📡 Tick 4761 | Max Temp: 40.5°C (Peppa)
📡 Tick 4762 | Max Temp: 40.5°C (Peppa)
📡 Tick 4763 | Max Temp: 40.5°C (Peppa)
📡 Tick 4764 | Max Temp: 40.5°C (Peppa)
📡 Tick 4765 | Max Temp: 40.5°C (Peppa)
📡 Tick 4766 | Max Temp: 40.5°C (Peppa)
📡 Tick 4767 | Max Temp: 40.5°C (Peppa)
📡 Tick 4768 | Max Temp: 40.5°C (Peppa)
📡 Tick 4769 | Max Temp: 40.5°C (Peppa)
📡 Tick 4770 | Max Temp: 40.5°C (Peppa)
📡 Tick 4771 | Max Temp: 40.5°C (Peppa)
📡 Tick 4772 | Max Temp: 40.5°C (Peppa)
📡 Tick 4773 | Max Temp: 40.5°C (Peppa)
📡 Tick 4774 | Max Temp: 40.5°C (Peppa)
📡 Tick 4775 | Max Temp: 40.5°C (Peppa)
📡 Tick 4776 | Max Temp: 40.5°C (Peppa)
📡 Tick 4777 | Max Temp: 40.5°C (Peppa)
📡 Tick 4778 | Max Temp: 40.5°C (Peppa)
📡 Tick 4779 | Max Temp: 40.5°C (Peppa)
📡 Tick 4780 | Max Temp: 40.5°C (Peppa)
📡 Tick 4781 | Max Temp: 40.5°C (Peppa)
📡 Tick 4782 | Max Temp: 40.5°C (Peppa)
📡 Tick 4783 | Max Temp: 40.5°C (Peppa)
📡 Tick 4784 | Max Temp: 40.5°C (Peppa)
📡 Tick 4785 | Max Temp: 40.5°C (Peppa)
📡 Tick 4786 | Max Temp: 40.5°C (Peppa)
📡 Tick 4787 | Max Temp: 40.5°C (Peppa)
📡 Tick 4788 | Max Temp: 40.5°C (Peppa)
📡 Tick 4789 | Max Temp: 40.5°C (Peppa)
📡 Tick 4790 | Max Temp: 40.5°C (Peppa)
📡 Tick 4791 | Max Temp: 40.5°C (Peppa)
📡 Tick 4792 | Max Temp: 40.5°C (Peppa)
📡 Tick 4793 | Max Temp: 40.5°C (Peppa)
📡 Tick 4794 | Max Temp: 40.5°C (Peppa)
📡 Tick 4795 | Max Temp: 40.5°C (Peppa)
📡 Tick 4796 | Max Temp: 40.5°C (Peppa)
📡 Tick 4797 | Max Temp: 40.5°C (Peppa)
📡 Tick 4798 | Max Temp: 40.5°C (Peppa)
📡 Tick 4799 | Max Temp: 40.5°C (Peppa)
📡 Tick 4800 | Max Temp: 40.5°C (Peppa)
📡 Tick 4801 | Max Temp: 40.5°C (Peppa)
📡 Tick 4802 | Max Temp: 40.5°C (Peppa)
📡 Tick 4803 | Max Temp: 40.5°C (Peppa)
📡 Tick 4804 | Max Temp: 40.5°C (Peppa)
📡 Tick 4805 | Max Temp: 40.5°C (Peppa)
📡 Tick 4806 | Max Temp: 40.5°C (Peppa)
📡 Tick 4807 | Max Temp: 40.5°C (Peppa)
📡 Tick 4808 | Max Temp: 40.5°C (Peppa)
📡 Tick 4809 | Max Temp: 40.5°C (Peppa)
📡 Tick 4810 | Max Temp: 40.5°C (Peppa)
📡 Tick 4811 | Max Temp: 40.5°C (Peppa)
📡 Tick 4812 | Max Temp: 40.5°C (Peppa)
📡 Tick 4813 | Max Temp: 40.5°C (Peppa)
📡 Tick 4814 | Max Temp: 40.5°C (Peppa)
📡 Tick 4815 | Max Temp: 40.5°C (Peppa)
📡 Tick 4816 | Max Temp: 40.5°C (Peppa)
📡 Tick 4817 | Max Temp: 40.5°C (Peppa)
📡 Tick 4818 | Max Temp: 40.5°C (Peppa)
📡 Tick 4819 | Max Temp: 40.5°C (Peppa)
📡 Tick 4820 | Max Temp: 40.5°C (Peppa)
📡 Tick 4821 | Max Temp: 40.5°C (Peppa)
📡 Tick 4822 | Max Temp: 40.5°C (Peppa)
📡 Tick 4823 | Max Temp: 40.5°C (Peppa)
📡 Tick 4824 | Max Temp: 40.5°C (Peppa)
📡 Tick 4825 | Max Temp: 40.5°C (Peppa)
📡 Tick 4826 | Max Temp: 40.5°C (Peppa)
📡 Tick 4827 | Max Temp: 40.5°C (Peppa)
📡 Tick 4828 | Max Temp: 40.5°C (Peppa)
📡 Tick 4829 | Max Temp: 40.5°C (Peppa)
📡 Tick 4830 | Max Temp: 40.5°C (Peppa)
📡 Tick 4831 | Max Temp: 40.5°C (Peppa)
📡 Tick 4832 | Max Temp: 40.5°C (Peppa)
📡 Tick 4833 | Max Temp: 40.5°C (Peppa)
📡 Tick 4834 | Max Temp: 40.5°C (Peppa)
📡 Tick 4835 | Max Temp: 40.5°C (Peppa)
📡 Tick 4836 | Max Temp: 40.5°C (Peppa)
📡 Tick 4837 | Max Temp: 40.5°C (Peppa)
📡 Tick 4838 | Max Temp: 40.5°C (Peppa)
📡 Tick 4839 | Max Temp: 40.5°C (Peppa)
📡 Tick 4840 | Max Temp: 40.5°C (Peppa)
📡 Tick 4841 | Max Temp: 40.5°C (Peppa)
📡 Tick 4842 | Max Temp: 40.5°C (Peppa)
📡 Tick 4843 | Max Temp: 40.5°C (Peppa)
📡 Tick 4844 | Max Temp: 40.5°C (Peppa)
📡 Tick 4845 | Max Temp: 40.5°C (Peppa)
📡 Tick 4846 | Max Temp: 40.5°C (Peppa)
📡 Tick 4847 | Max Temp: 40.5°C (Peppa)
📡 Tick 4848 | Max Temp: 40.5°C (Peppa)
📡 Tick 4849 | Max Temp: 40.5°C (Peppa)
📡 Tick 4850 | Max Temp: 40.5°C (Peppa)
📡 Tick 4851 | Max Temp: 40.5°C (Peppa)
📡 Tick 4852 | Max Temp: 40.5°C (Peppa)
📡 Tick 4853 | Max Temp: 40.5°C (Peppa)
📡 Tick 4854 | Max Temp: 40.5°C (Peppa)
📡 Tick 4855 | Max Temp: 40.5°C (Peppa)
📡 Tick 4856 | Max Temp: 40.5°C (Peppa)
📡 Tick 4857 | Max Temp: 40.5°C (Peppa)
📡 Tick 4858 | Max Temp: 40.5°C (Peppa)
📡 Tick 4859 | Max Temp: 40.5°C (Peppa)
📡 Tick 4860 | Max Temp: 40.5°C (Peppa)
📡 Tick 4861 | Max Temp: 40.5°C (Peppa)
📡 Tick 4862 | Max Temp: 40.5°C (Peppa)
📡 Tick 4863 | Max Temp: 40.5°C (Peppa)
📡 Tick 4864 | Max Temp: 40.5°C (Peppa)
📡 Tick 4865 | Max Temp: 40.5°C (Peppa)
📡 Tick 4866 | Max Temp: 40.5°C (Peppa)
📡 Tick 4867 | Max Temp: 40.5°C (Peppa)
📡 Tick 4868 | Max Temp: 40.5°C (Peppa)
📡 Tick 4869 | Max Temp: 40.5°C (Peppa)
📡 Tick 4870 | Max Temp: 40.5°C (Peppa)
📡 Tick 4871 | Max Temp: 40.5°C (Peppa)
📡 Tick 4872 | Max Temp: 40.5°C (Peppa)
📡 Tick 4873 | Max Temp: 40.5°C (Peppa)
📡 Tick 4874 | Max Temp: 40.5°C (Peppa)
📡 Tick 4875 | Max Temp: 40.5°C (Peppa)
📡 Tick 4876 | Max Temp: 40.5°C (Peppa)
📡 Tick 4877 | Max Temp: 40.5°C (Peppa)
📡 Tick 4878 | Max Temp: 40.5°C (Peppa)
📡 Tick 4879 | Max Temp: 40.5°C (Peppa)
📡 Tick 4880 | Max Temp: 40.5°C (Peppa)
📡 Tick 4881 | Max Temp: 40.5°C (Peppa)
📡 Tick 4882 | Max Temp: 40.5°C (Peppa)
📡 Tick 4883 | Max Temp: 40.5°C (Peppa)
📡 Tick 4884 | Max Temp: 40.5°C (Peppa)
📡 Tick 4885 | Max Temp: 40.5°C (Peppa)
📡 Tick 4886 | Max Temp: 40.5°C (Peppa)
📡 Tick 4887 | Max Temp: 40.5°C (Peppa)
📡 Tick 4888 | Max Temp: 40.5°C (Peppa)
📡 Tick 4889 | Max Temp: 40.5°C (Peppa)
📡 Tick 4890 | Max Temp: 40.5°C (Peppa)
📡 Tick 4891 | Max Temp: 40.5°C (Peppa)
📡 Tick 4892 | Max Temp: 40.5°C (Peppa)
📡 Tick 4893 | Max Temp: 40.5°C (Peppa)
📡 Tick 4894 | Max Temp: 40.5°C (Peppa)
📡 Tick 4895 | Max Temp: 40.5°C (Peppa)
📡 Tick 4896 | Max Temp: 40.5°C (Peppa)
📡 Tick 4897 | Max Temp: 40.5°C (Peppa)
📡 Tick 4898 | Max Temp: 40.5°C (Peppa)
📡 Tick 4899 | Max Temp: 40.5°C (Peppa)
📡 Tick 4900 | Max Temp: 40.5°C (Peppa)
📡 Tick 4901 | Max Temp: 40.5°C (Peppa)
📡 Tick 4902 | Max Temp: 40.5°C (Peppa)
📡 Tick 4903 | Max Temp: 40.5°C (Peppa)
📡 Tick 4904 | Max Temp: 40.5°C (Peppa)
📡 Tick 4905 | Max Temp: 40.5°C (Peppa)
📡 Tick 4906 | Max Temp: 40.5°C (Peppa)
📡 Tick 4907 | Max Temp: 40.5°C (Peppa)
📡 Tick 4908 | Max Temp: 40.5°C (Peppa)
📡 Tick 4909 | Max Temp: 40.5°C (Peppa)
📡 Tick 4910 | Max Temp: 40.5°C (Peppa)
📡 Tick 4911 | Max Temp: 40.5°C (Peppa)
📡 Tick 4912 | Max Temp: 40.5°C (Peppa)
📡 Tick 4913 | Max Temp: 40.5°C (Peppa)
📡 Tick 4914 | Max Temp: 40.5°C (Peppa)
📡 Tick 4915 | Max Temp: 40.5°C (Peppa)
📡 Tick 4916 | Max Temp: 40.5°C (Peppa)
📡 Tick 4917 | Max Temp: 40.5°C (Peppa)
📡 Tick 4918 | Max Temp: 40.5°C (Peppa)
📡 Tick 4919 | Max Temp: 40.5°C (Peppa)
📡 Tick 4920 | Max Temp: 40.5°C (Peppa)
📡 Tick 4921 | Max Temp: 40.5°C (Peppa)
📡 Tick 4922 | Max Temp: 40.5°C (Peppa)
📡 Tick 4923 | Max Temp: 40.5°C (Peppa)
📡 Tick 4924 | Max Temp: 40.5°C (Peppa)
📡 Tick 4925 | Max Temp: 40.5°C (Peppa)
📡 Tick 4926 | Max Temp: 40.5°C (Peppa)
📡 Tick 4927 | Max Temp: 40.5°C (Peppa)
📡 Tick 4928 | Max Temp: 40.5°C (Peppa)
📡 Tick 4929 | Max Temp: 40.5°C (Peppa)
📡 Tick 4930 | Max Temp: 40.5°C (Peppa)
📡 Tick 4931 | Max Temp: 40.5°C (Peppa)
📡 Tick 4932 | Max Temp: 40.5°C (Peppa)
📡 Tick 4933 | Max Temp: 40.5°C (Peppa)
📡 Tick 4934 | Max Temp: 40.5°C (Peppa)
📡 Tick 4935 | Max Temp: 40.5°C (Peppa)
📡 Tick 4936 | Max Temp: 40.5°C (Peppa)
📡 Tick 4937 | Max Temp: 40.5°C (Peppa)
📡 Tick 4938 | Max Temp: 40.5°C (Peppa)
📡 Tick 4939 | Max Temp: 40.5°C (Peppa)
📡 Tick 4940 | Max Temp: 40.5°C (Peppa)
📡 Tick 4941 | Max Temp: 40.5°C (Peppa)
📡 Tick 4942 | Max Temp: 40.5°C (Peppa)
📡 Tick 4943 | Max Temp: 40.5°C (Peppa)
📡 Tick 4944 | Max Temp: 40.5°C (Peppa)
📡 Tick 4945 | Max Temp: 40.5°C (Peppa)
📡 Tick 4946 | Max Temp: 40.5°C (Peppa)
📡 Tick 4947 | Max Temp: 40.5°C (Peppa)
📡 Tick 4948 | Max Temp: 40.5°C (Peppa)
📡 Tick 4949 | Max Temp: 40.5°C (Peppa)
📡 Tick 4950 | Max Temp: 40.5°C (Peppa)
📡 Tick 4951 | Max Temp: 40.5°C (Peppa)
📡 Tick 4952 | Max Temp: 40.5°C (Peppa)
📡 Tick 4953 | Max Temp: 40.5°C (Peppa)
📡 Tick 4954 | Max Temp: 40.5°C (Peppa)
📡 Tick 4955 | Max Temp: 40.5°C (Peppa)
📡 Tick 4956 | Max Temp: 40.5°C (Peppa)
📡 Tick 4957 | Max Temp: 40.5°C (Peppa)
📡 Tick 4958 | Max Temp: 40.5°C (Peppa)
📡 Tick 4959 | Max Temp: 40.5°C (Peppa)
📡 Tick 4960 | Max Temp: 40.5°C (Peppa)
📡 Tick 4961 | Max Temp: 40.5°C (Peppa)
📡 Tick 4962 | Max Temp: 40.5°C (Peppa)
📡 Tick 4963 | Max Temp: 40.5°C (Peppa)
📡 Tick 4964 | Max Temp: 40.5°C (Peppa)
📡 Tick 4965 | Max Temp: 40.5°C (Peppa)
📡 Tick 4966 | Max Temp: 40.5°C (Peppa)
📡 Tick 4967 | Max Temp: 40.5°C (Peppa)
📡 Tick 4968 | Max Temp: 40.5°C (Peppa)
📡 Tick 4969 | Max Temp: 40.5°C (Peppa)
📡 Tick 4970 | Max Temp: 40.5°C (Peppa)
📡 Tick 4971 | Max Temp: 40.5°C (Peppa)
📡 Tick 4972 | Max Temp: 40.5°C (Peppa)
📡 Tick 4973 | Max Temp: 40.5°C (Peppa)
📡 Tick 4974 | Max Temp: 40.5°C (Peppa)
📡 Tick 4975 | Max Temp: 40.5°C (Peppa)
📡 Tick 4976 | Max Temp: 40.5°C (Peppa)
📡 Tick 4977 | Max Temp: 40.5°C (Peppa)
📡 Tick 4978 | Max Temp: 40.5°C (Peppa)
📡 Tick 4979 | Max Temp: 40.5°C (Peppa)
📡 Tick 4980 | Max Temp: 40.5°C (Peppa)
📡 Tick 4981 | Max Temp: 40.5°C (Peppa)
📡 Tick 4982 | Max Temp: 40.5°C (Peppa)
📡 Tick 4983 | Max Temp: 40.5°C (Peppa)
📡 Tick 4984 | Max Temp: 40.5°C (Peppa)
📡 Tick 4985 | Max Temp: 40.5°C (Peppa)
📡 Tick 4986 | Max Temp: 40.5°C (Peppa)
📡 Tick 4987 | Max Temp: 40.5°C (Peppa)
📡 Tick 4988 | Max Temp: 40.5°C (Peppa)
📡 Tick 4989 | Max Temp: 40.5°C (Peppa)
📡 Tick 4990 | Max Temp: 40.5°C (Peppa)
📡 Tick 4991 | Max Temp: 40.5°C (Peppa)
📡 Tick 4992 | Max Temp: 40.5°C (Peppa)
📡 Tick 4993 | Max Temp: 40.5°C (Peppa)
📡 Tick 4994 | Max Temp: 40.5°C (Peppa)
📡 Tick 4995 | Max Temp: 40.5°C (Peppa)
📡 Tick 4996 | Max Temp: 40.5°C (Peppa)
📡 Tick 4997 | Max Temp: 40.5°C (Peppa)
📡 Tick 4998 | Max Temp: 40.5°C (Peppa)
📡 Tick 4999 | Max Temp: 40.5°C (Peppa)
📡 Tick 5000 | Max Temp: 40.5°C (Peppa)
📡 Tick 5001 | Max Temp: 40.5°C (Peppa)
📡 Tick 5002 | Max Temp: 40.5°C (Peppa)
📡 Tick 5003 | Max Temp: 40.5°C (Peppa)
📡 Tick 5004 | Max Temp: 40.5°C (Peppa)
📡 Tick 5005 | Max Temp: 40.5°C (Peppa)
📡 Tick 5006 | Max Temp: 40.5°C (Peppa)
📡 Tick 5007 | Max Temp: 40.5°C (Peppa)
📡 Tick 5008 | Max Temp: 40.5°C (Peppa)
📡 Tick 5009 | Max Temp: 40.5°C (Peppa)
📡 Tick 5010 | Max Temp: 40.5°C (Peppa)
📡 Tick 5011 | Max Temp: 40.5°C (Peppa)
📡 Tick 5012 | Max Temp: 40.5°C (Peppa)
📡 Tick 5013 | Max Temp: 40.5°C (Peppa)
📡 Tick 5014 | Max Temp: 40.5°C (Peppa)
📡 Tick 5015 | Max Temp: 40.5°C (Peppa)
📡 Tick 5016 | Max Temp: 40.5°C (Peppa)
📡 Tick 5017 | Max Temp: 40.5°C (Peppa)
📡 Tick 5018 | Max Temp: 40.5°C (Peppa)
📡 Tick 5019 | Max Temp: 40.5°C (Peppa)
📡 Tick 5020 | Max Temp: 40.5°C (Peppa)
📡 Tick 5021 | Max Temp: 40.5°C (Peppa)
📡 Tick 5022 | Max Temp: 40.5°C (Peppa)
📡 Tick 5023 | Max Temp: 40.5°C (Peppa)
📡 Tick 5024 | Max Temp: 40.5°C (Peppa)
📡 Tick 5025 | Max Temp: 40.5°C (Peppa)
📡 Tick 5026 | Max Temp: 40.5°C (Peppa)
📡 Tick 5027 | Max Temp: 40.5°C (Peppa)
📡 Tick 5028 | Max Temp: 40.5°C (Peppa)
📡 Tick 5029 | Max Temp: 40.5°C (Peppa)
📡 Tick 5030 | Max Temp: 40.5°C (Peppa)
📡 Tick 5031 | Max Temp: 40.5°C (Peppa)
📡 Tick 5032 | Max Temp: 40.5°C (Peppa)
📡 Tick 5033 | Max Temp: 40.5°C (Peppa)
📡 Tick 5034 | Max Temp: 40.5°C (Peppa)
📡 Tick 5035 | Max Temp: 40.5°C (Peppa)
📡 Tick 5036 | Max Temp: 40.5°C (Peppa)
📡 Tick 5037 | Max Temp: 40.5°C (Peppa)
📡 Tick 5038 | Max Temp: 40.5°C (Peppa)
📡 Tick 5039 | Max Temp: 40.5°C (Peppa)
📡 Tick 5040 | Max Temp: 40.5°C (Peppa)
📡 Tick 5041 | Max Temp: 40.5°C (Peppa)
📡 Tick 5042 | Max Temp: 40.5°C (Peppa)
📡 Tick 5043 | Max Temp: 40.5°C (Peppa)
📡 Tick 5044 | Max Temp: 40.5°C (Peppa)
📡 Tick 5045 | Max Temp: 40.5°C (Peppa)
📡 Tick 5046 | Max Temp: 40.5°C (Peppa)
📡 Tick 5047 | Max Temp: 40.5°C (Peppa)
📡 Tick 5048 | Max Temp: 40.5°C (Peppa)
📡 Tick 5049 | Max Temp: 40.5°C (Peppa)
📡 Tick 5050 | Max Temp: 40.5°C (Peppa)
📡 Tick 5051 | Max Temp: 40.5°C (Peppa)
📡 Tick 5052 | Max Temp: 40.5°C (Peppa)
📡 Tick 5053 | Max Temp: 40.5°C (Peppa)
📡 Tick 5054 | Max Temp: 40.5°C (Peppa)
📡 Tick 5055 | Max Temp: 40.5°C (Peppa)
📡 Tick 5056 | Max Temp: 40.5°C (Peppa)
📡 Tick 5057 | Max Temp: 40.5°C (Peppa)
📡 Tick 5058 | Max Temp: 40.5°C (Peppa)
📡 Tick 5059 | Max Temp: 40.5°C (Peppa)
📡 Tick 5060 | Max Temp: 40.5°C (Peppa)
📡 Tick 5061 | Max Temp: 40.5°C (Peppa)
📡 Tick 5062 | Max Temp: 40.5°C (Peppa)
📡 Tick 5063 | Max Temp: 40.5°C (Peppa)
📡 Tick 5064 | Max Temp: 40.5°C (Peppa)
📡 Tick 5065 | Max Temp: 40.5°C (Peppa)
📡 Tick 5066 | Max Temp: 40.5°C (Peppa)
📡 Tick 5067 | Max Temp: 40.5°C (Peppa)
📡 Tick 5068 | Max Temp: 40.5°C (Peppa)
📡 Tick 5069 | Max Temp: 40.5°C (Peppa)
📡 Tick 5070 | Max Temp: 40.5°C (Peppa)
📡 Tick 5071 | Max Temp: 40.5°C (Peppa)
📡 Tick 5072 | Max Temp: 40.5°C (Peppa)
📡 Tick 5073 | Max Temp: 40.5°C (Peppa)
📡 Tick 5074 | Max Temp: 40.5°C (Peppa)
📡 Tick 5075 | Max Temp: 40.5°C (Peppa)
📡 Tick 5076 | Max Temp: 40.5°C (Peppa)
📡 Tick 5077 | Max Temp: 40.5°C (Peppa)
📡 Tick 5078 | Max Temp: 40.5°C (Peppa)
📡 Tick 5079 | Max Temp: 40.5°C (Peppa)
📡 Tick 5080 | Max Temp: 40.5°C (Peppa)
📡 Tick 5081 | Max Temp: 40.5°C (Peppa)
📡 Tick 5082 | Max Temp: 40.5°C (Peppa)
📡 Tick 5083 | Max Temp: 40.5°C (Peppa)
📡 Tick 5084 | Max Temp: 40.5°C (Peppa)
📡 Tick 5085 | Max Temp: 40.5°C (Peppa)
📡 Tick 5086 | Max Temp: 40.5°C (Peppa)
📡 Tick 5087 | Max Temp: 40.5°C (Peppa)
📡 Tick 5088 | Max Temp: 40.5°C (Peppa)
📡 Tick 5089 | Max Temp: 40.5°C (Peppa)
📡 Tick 5090 | Max Temp: 40.5°C (Peppa)
📡 Tick 5091 | Max Temp: 40.5°C (Peppa)
📡 Tick 5092 | Max Temp: 40.5°C (Peppa)
📡 Tick 5093 | Max Temp: 40.5°C (Peppa)
📡 Tick 5094 | Max Temp: 40.5°C (Peppa)
📡 Tick 5095 | Max Temp: 40.5°C (Peppa)
📡 Tick 5096 | Max Temp: 40.5°C (Peppa)
📡 Tick 5097 | Max Temp: 40.5°C (Peppa)
📡 Tick 5098 | Max Temp: 40.5°C (Peppa)
📡 Tick 5099 | Max Temp: 40.5°C (Peppa)
📡 Tick 5100 | Max Temp: 40.5°C (Peppa)
📡 Tick 5101 | Max Temp: 40.5°C (Peppa)
📡 Tick 5102 | Max Temp: 40.5°C (Peppa)
📡 Tick 5103 | Max Temp: 40.5°C (Peppa)
📡 Tick 5104 | Max Temp: 40.5°C (Peppa)
📡 Tick 5105 | Max Temp: 40.5°C (Peppa)
📡 Tick 5106 | Max Temp: 40.5°C (Peppa)
📡 Tick 5107 | Max Temp: 40.5°C (Peppa)
📡 Tick 5108 | Max Temp: 40.5°C (Peppa)
📡 Tick 5109 | Max Temp: 40.5°C (Peppa)
📡 Tick 5110 | Max Temp: 40.5°C (Peppa)
📡 Tick 5111 | Max Temp: 40.5°C (Peppa)
📡 Tick 5112 | Max Temp: 40.5°C (Peppa)
📡 Tick 5113 | Max Temp: 40.5°C (Peppa)
📡 Tick 5114 | Max Temp: 40.5°C (Peppa)
📡 Tick 5115 | Max Temp: 40.5°C (Peppa)
📡 Tick 5116 | Max Temp: 40.5°C (Peppa)
📡 Tick 5117 | Max Temp: 40.5°C (Peppa)
📡 Tick 5118 | Max Temp: 40.5°C (Peppa)
📡 Tick 5119 | Max Temp: 40.5°C (Peppa)
📡 Tick 5120 | Max Temp: 40.5°C (Peppa)
📡 Tick 5121 | Max Temp: 40.5°C (Peppa)
📡 Tick 5122 | Max Temp: 40.5°C (Peppa)
📡 Tick 5123 | Max Temp: 40.5°C (Peppa)
📡 Tick 5124 | Max Temp: 40.5°C (Peppa)
📡 Tick 5125 | Max Temp: 40.5°C (Peppa)
📡 Tick 5126 | Max Temp: 40.5°C (Peppa)
📡 Tick 5127 | Max Temp: 40.5°C (Peppa)
📡 Tick 5128 | Max Temp: 40.5°C (Peppa)
📡 Tick 5129 | Max Temp: 40.5°C (Peppa)
📡 Tick 5130 | Max Temp: 40.5°C (Peppa)
📡 Tick 5131 | Max Temp: 40.5°C (Peppa)
📡 Tick 5132 | Max Temp: 40.5°C (Peppa)
📡 Tick 5133 | Max Temp: 40.5°C (Peppa)
📡 Tick 5134 | Max Temp: 40.5°C (Peppa)
📡 Tick 5135 | Max Temp: 40.5°C (Peppa)
📡 Tick 5136 | Max Temp: 40.5°C (Peppa)
📡 Tick 5137 | Max Temp: 40.5°C (Peppa)
📡 Tick 5138 | Max Temp: 40.5°C (Peppa)
📡 Tick 5139 | Max Temp: 40.5°C (Peppa)
📡 Tick 5140 | Max Temp: 40.5°C (Peppa)
📡 Tick 5141 | Max Temp: 40.5°C (Peppa)
📡 Tick 5142 | Max Temp: 40.5°C (Peppa)
📡 Tick 5143 | Max Temp: 40.5°C (Peppa)
📡 Tick 5144 | Max Temp: 40.5°C (Peppa)
📡 Tick 5145 | Max Temp: 40.5°C (Peppa)
📡 Tick 5146 | Max Temp: 40.5°C (Peppa)
📡 Tick 5147 | Max Temp: 40.5°C (Peppa)
📡 Tick 5148 | Max Temp: 40.5°C (Peppa)
📡 Tick 5149 | Max Temp: 40.5°C (Peppa)
📡 Tick 5150 | Max Temp: 40.5°C (Peppa)
📡 Tick 5151 | Max Temp: 40.5°C (Peppa)
📡 Tick 5152 | Max Temp: 40.5°C (Peppa)
📡 Tick 5153 | Max Temp: 40.5°C (Peppa)
📡 Tick 5154 | Max Temp: 40.5°C (Peppa)
📡 Tick 5155 | Max Temp: 40.5°C (Peppa)
📡 Tick 5156 | Max Temp: 40.5°C (Peppa)
📡 Tick 5157 | Max Temp: 40.5°C (Peppa)
📡 Tick 5158 | Max Temp: 40.5°C (Peppa)
📡 Tick 5159 | Max Temp: 40.5°C (Peppa)
📡 Tick 5160 | Max Temp: 40.5°C (Peppa)
📡 Tick 5161 | Max Temp: 40.5°C (Peppa)
📡 Tick 5162 | Max Temp: 40.5°C (Peppa)
📡 Tick 5163 | Max Temp: 40.5°C (Peppa)
📡 Tick 5164 | Max Temp: 40.5°C (Peppa)
📡 Tick 5165 | Max Temp: 40.5°C (Peppa)
📡 Tick 5166 | Max Temp: 40.5°C (Peppa)
📡 Tick 5167 | Max Temp: 40.5°C (Peppa)
📡 Tick 5168 | Max Temp: 40.5°C (Peppa)
📡 Tick 5169 | Max Temp: 40.5°C (Peppa)
📡 Tick 5170 | Max Temp: 40.5°C (Peppa)
📡 Tick 5171 | Max Temp: 40.5°C (Peppa)
📡 Tick 5172 | Max Temp: 40.5°C (Peppa)
📡 Tick 5173 | Max Temp: 40.5°C (Peppa)
📡 Tick 5174 | Max Temp: 40.5°C (Peppa)
📡 Tick 5175 | Max Temp: 40.5°C (Peppa)
📡 Tick 5176 | Max Temp: 40.5°C (Peppa)
📡 Tick 5177 | Max Temp: 40.5°C (Peppa)
📡 Tick 5178 | Max Temp: 40.5°C (Peppa)
📡 Tick 5179 | Max Temp: 40.5°C (Peppa)
📡 Tick 5180 | Max Temp: 40.5°C (Peppa)
📡 Tick 5181 | Max Temp: 40.5°C (Peppa)
📡 Tick 5182 | Max Temp: 40.5°C (Peppa)
📡 Tick 5183 | Max Temp: 40.5°C (Peppa)
📡 Tick 5184 | Max Temp: 40.5°C (Peppa)
📡 Tick 5185 | Max Temp: 40.5°C (Peppa)
📡 Tick 5186 | Max Temp: 40.5°C (Peppa)
📡 Tick 5187 | Max Temp: 40.5°C (Peppa)
📡 Tick 5188 | Max Temp: 40.5°C (Peppa)
📡 Tick 5189 | Max Temp: 40.5°C (Peppa)
📡 Tick 5190 | Max Temp: 40.5°C (Peppa)
📡 Tick 5191 | Max Temp: 40.5°C (Peppa)
📡 Tick 5192 | Max Temp: 40.5°C (Peppa)
📡 Tick 5193 | Max Temp: 40.5°C (Peppa)
📡 Tick 5194 | Max Temp: 40.5°C (Peppa)
📡 Tick 5195 | Max Temp: 40.5°C (Peppa)
📡 Tick 5196 | Max Temp: 40.5°C (Peppa)
📡 Tick 5197 | Max Temp: 40.5°C (Peppa)
📡 Tick 5198 | Max Temp: 40.5°C (Peppa)
📡 Tick 5199 | Max Temp: 40.5°C (Peppa)
📡 Tick 5200 | Max Temp: 40.5°C (Peppa)
📡 Tick 5201 | Max Temp: 40.5°C (Peppa)
📡 Tick 5202 | Max Temp: 40.5°C (Peppa)
📡 Tick 5203 | Max Temp: 40.5°C (Peppa)
📡 Tick 5204 | Max Temp: 40.5°C (Peppa)
📡 Tick 5205 | Max Temp: 40.5°C (Peppa)
📡 Tick 5206 | Max Temp: 40.5°C (Peppa)
📡 Tick 5207 | Max Temp: 40.5°C (Peppa)
📡 Tick 5208 | Max Temp: 40.5°C (Peppa)
📡 Tick 5209 | Max Temp: 40.5°C (Peppa)
📡 Tick 5210 | Max Temp: 40.5°C (Peppa)
📡 Tick 5211 | Max Temp: 40.5°C (Peppa)
📡 Tick 5212 | Max Temp: 40.5°C (Peppa)
📡 Tick 5213 | Max Temp: 40.5°C (Peppa)
📡 Tick 5214 | Max Temp: 40.5°C (Peppa)
📡 Tick 5215 | Max Temp: 40.5°C (Peppa)
📡 Tick 5216 | Max Temp: 40.5°C (Peppa)
📡 Tick 5217 | Max Temp: 40.5°C (Peppa)
📡 Tick 5218 | Max Temp: 40.5°C (Peppa)
📡 Tick 5219 | Max Temp: 40.5°C (Peppa)
📡 Tick 5220 | Max Temp: 40.5°C (Peppa)
📡 Tick 5221 | Max Temp: 40.5°C (Peppa)
📡 Tick 5222 | Max Temp: 40.5°C (Peppa)
📡 Tick 5223 | Max Temp: 40.5°C (Peppa)
📡 Tick 5224 | Max Temp: 40.5°C (Peppa)
📡 Tick 5225 | Max Temp: 40.5°C (Peppa)
📡 Tick 5226 | Max Temp: 40.5°C (Peppa)
📡 Tick 5227 | Max Temp: 40.5°C (Peppa)
📡 Tick 5228 | Max Temp: 40.5°C (Peppa)
📡 Tick 5229 | Max Temp: 40.5°C (Peppa)
📡 Tick 5230 | Max Temp: 40.5°C (Peppa)
📡 Tick 5231 | Max Temp: 40.5°C (Peppa)
📡 Tick 5232 | Max Temp: 40.5°C (Peppa)
📡 Tick 5233 | Max Temp: 40.5°C (Peppa)
📡 Tick 5234 | Max Temp: 40.5°C (Peppa)
📡 Tick 5235 | Max Temp: 40.5°C (Peppa)
📡 Tick 5236 | Max Temp: 40.5°C (Peppa)
📡 Tick 5237 | Max Temp: 40.5°C (Peppa)
📡 Tick 5238 | Max Temp: 40.5°C (Peppa)
📡 Tick 5239 | Max Temp: 40.5°C (Peppa)
📡 Tick 5240 | Max Temp: 40.5°C (Peppa)
📡 Tick 5241 | Max Temp: 40.5°C (Peppa)
📡 Tick 5242 | Max Temp: 40.5°C (Peppa)
📡 Tick 5243 | Max Temp: 40.5°C (Peppa)
📡 Tick 5244 | Max Temp: 40.5°C (Peppa)
📡 Tick 5245 | Max Temp: 40.5°C (Peppa)
📡 Tick 5246 | Max Temp: 40.5°C (Peppa)
📡 Tick 5247 | Max Temp: 40.5°C (Peppa)
📡 Tick 5248 | Max Temp: 40.5°C (Peppa)
📡 Tick 5249 | Max Temp: 40.5°C (Peppa)
📡 Tick 5250 | Max Temp: 40.5°C (Peppa)
📡 Tick 5251 | Max Temp: 40.5°C (Peppa)
📡 Tick 5252 | Max Temp: 40.5°C (Peppa)
📡 Tick 5253 | Max Temp: 40.5°C (Peppa)
📡 Tick 5254 | Max Temp: 40.5°C (Peppa)
📡 Tick 5255 | Max Temp: 40.5°C (Peppa)
📡 Tick 5256 | Max Temp: 40.5°C (Peppa)
📡 Tick 5257 | Max Temp: 40.5°C (Peppa)
📡 Tick 5258 | Max Temp: 40.5°C (Peppa)
📡 Tick 5259 | Max Temp: 40.5°C (Peppa)
📡 Tick 5260 | Max Temp: 40.5°C (Peppa)
📡 Tick 5261 | Max Temp: 40.5°C (Peppa)
📡 Tick 5262 | Max Temp: 40.5°C (Peppa)
📡 Tick 5263 | Max Temp: 40.5°C (Peppa)
📡 Tick 5264 | Max Temp: 40.5°C (Peppa)
📡 Tick 5265 | Max Temp: 40.5°C (Peppa)
📡 Tick 5266 | Max Temp: 40.5°C (Peppa)
📡 Tick 5267 | Max Temp: 40.5°C (Peppa)
📡 Tick 5268 | Max Temp: 40.5°C (Peppa)
📡 Tick 5269 | Max Temp: 40.5°C (Peppa)
📡 Tick 5270 | Max Temp: 40.5°C (Peppa)
📡 Tick 5271 | Max Temp: 40.5°C (Peppa)
📡 Tick 5272 | Max Temp: 40.5°C (Peppa)
📡 Tick 5273 | Max Temp: 40.5°C (Peppa)
📡 Tick 5274 | Max Temp: 40.5°C (Peppa)
📡 Tick 5275 | Max Temp: 40.5°C (Peppa)
📡 Tick 5276 | Max Temp: 40.5°C (Peppa)
📡 Tick 5277 | Max Temp: 40.5°C (Peppa)
📡 Tick 5278 | Max Temp: 40.5°C (Peppa)
📡 Tick 5279 | Max Temp: 40.5°C (Peppa)
📡 Tick 5280 | Max Temp: 40.5°C (Peppa)
📡 Tick 5281 | Max Temp: 40.5°C (Peppa)
📡 Tick 5282 | Max Temp: 40.5°C (Peppa)
📡 Tick 5283 | Max Temp: 40.5°C (Peppa)
📡 Tick 5284 | Max Temp: 40.5°C (Peppa)
📡 Tick 5285 | Max Temp: 40.5°C (Peppa)
📡 Tick 5286 | Max Temp: 40.5°C (Peppa)
📡 Tick 5287 | Max Temp: 40.5°C (Peppa)
📡 Tick 5288 | Max Temp: 40.5°C (Peppa)
📡 Tick 5289 | Max Temp: 40.5°C (Peppa)
📡 Tick 5290 | Max Temp: 40.5°C (Peppa)
📡 Tick 5291 | Max Temp: 40.5°C (Peppa)
📡 Tick 5292 | Max Temp: 40.5°C (Peppa)
📡 Tick 5293 | Max Temp: 40.5°C (Peppa)
